"author/blue_verified","author/can_dm","author/description","author/image","author/name","author/rest_id","author/screen_name","author/sub_count","bookmarks","conversation_id","created_at","display_text","entities/hashtags/0/indices/0","entities/hashtags/0/indices/1","entities/hashtags/0/text","entities/hashtags/1/indices/0","entities/hashtags/1/indices/1","entities/hashtags/1/text","entities/hashtags/2/indices/0","entities/hashtags/2/indices/1","entities/hashtags/2/text","entities/media/0/display_url","entities/media/0/expanded_url","entities/media/0/ext_media_availability/status","entities/media/0/features/large/faces/0/h","entities/media/0/features/large/faces/0/w","entities/media/0/features/large/faces/0/x","entities/media/0/features/large/faces/0/y","entities/media/0/features/large/faces/1/h","entities/media/0/features/large/faces/1/w","entities/media/0/features/large/faces/1/x","entities/media/0/features/large/faces/1/y","entities/media/0/features/medium/faces/0/h","entities/media/0/features/medium/faces/0/w","entities/media/0/features/medium/faces/0/x","entities/media/0/features/medium/faces/0/y","entities/media/0/features/medium/faces/1/h","entities/media/0/features/medium/faces/1/w","entities/media/0/features/medium/faces/1/x","entities/media/0/features/medium/faces/1/y","entities/media/0/features/orig/faces/0/h","entities/media/0/features/orig/faces/0/w","entities/media/0/features/orig/faces/0/x","entities/media/0/features/orig/faces/0/y","entities/media/0/features/orig/faces/1/h","entities/media/0/features/orig/faces/1/w","entities/media/0/features/orig/faces/1/x","entities/media/0/features/orig/faces/1/y","entities/media/0/features/small/faces/0/h","entities/media/0/features/small/faces/0/w","entities/media/0/features/small/faces/0/x","entities/media/0/features/small/faces/0/y","entities/media/0/features/small/faces/1/h","entities/media/0/features/small/faces/1/w","entities/media/0/features/small/faces/1/x","entities/media/0/features/small/faces/1/y","entities/media/0/id_str","entities/media/0/indices/0","entities/media/0/indices/1","entities/media/0/media_key","entities/media/0/media_results/result/media_key","entities/media/0/media_url_https","entities/media/0/original_info/focus_rects/0/h","entities/media/0/original_info/focus_rects/0/w","entities/media/0/original_info/focus_rects/0/x","entities/media/0/original_info/focus_rects/0/y","entities/media/0/original_info/focus_rects/1/h","entities/media/0/original_info/focus_rects/1/w","entities/media/0/original_info/focus_rects/1/x","entities/media/0/original_info/focus_rects/1/y","entities/media/0/original_info/focus_rects/2/h","entities/media/0/original_info/focus_rects/2/w","entities/media/0/original_info/focus_rects/2/x","entities/media/0/original_info/focus_rects/2/y","entities/media/0/original_info/focus_rects/3/h","entities/media/0/original_info/focus_rects/3/w","entities/media/0/original_info/focus_rects/3/x","entities/media/0/original_info/focus_rects/3/y","entities/media/0/original_info/focus_rects/4/h","entities/media/0/original_info/focus_rects/4/w","entities/media/0/original_info/focus_rects/4/x","entities/media/0/original_info/focus_rects/4/y","entities/media/0/original_info/height","entities/media/0/original_info/width","entities/media/0/sizes/large/h","entities/media/0/sizes/large/resize","entities/media/0/sizes/large/w","entities/media/0/sizes/medium/h","entities/media/0/sizes/medium/resize","entities/media/0/sizes/medium/w","entities/media/0/sizes/small/h","entities/media/0/sizes/small/resize","entities/media/0/sizes/small/w","entities/media/0/sizes/thumb/h","entities/media/0/sizes/thumb/resize","entities/media/0/sizes/thumb/w","entities/media/0/type","entities/media/0/url","entities/media/0/video_info/aspect_ratio/0","entities/media/0/video_info/aspect_ratio/1","entities/media/0/video_info/variants/0/bitrate","entities/media/0/video_info/variants/0/content_type","entities/media/0/video_info/variants/0/url","entities/urls/0/display_url","entities/urls/0/expanded_url","entities/urls/0/indices/0","entities/urls/0/indices/1","entities/urls/0/url","entities/user_mentions/0/id_str","entities/user_mentions/0/indices/0","entities/user_mentions/0/indices/1","entities/user_mentions/0/name","entities/user_mentions/0/screen_name","entities/user_mentions/1/id_str","entities/user_mentions/1/indices/0","entities/user_mentions/1/indices/1","entities/user_mentions/1/name","entities/user_mentions/1/screen_name","entities/user_mentions/2/id_str","entities/user_mentions/2/indices/0","entities/user_mentions/2/indices/1","entities/user_mentions/2/name","entities/user_mentions/2/screen_name","entities/user_mentions/3/id_str","entities/user_mentions/3/indices/0","entities/user_mentions/3/indices/1","entities/user_mentions/3/name","entities/user_mentions/3/screen_name","entities/user_mentions/4/id_str","entities/user_mentions/4/indices/0","entities/user_mentions/4/indices/1","entities/user_mentions/4/name","entities/user_mentions/4/screen_name","id","lang","likes","media/photo/0/id","media/photo/0/media_url_https","media/video/0/aspect_ratio/0","media/video/0/aspect_ratio/1","media/video/0/duration","media/video/0/id","media/video/0/media_url_https","media/video/0/original_info/height","media/video/0/original_info/width","media/video/0/variants/0/bitrate","media/video/0/variants/0/content_type","media/video/0/variants/0/url","place/country","place/country_code","place/full_name","place/more_data_url","place/name","place/place_type","quotes","replies","retweets","status","text","views"
"false","false","Dist. Prof. Univ. Colorado. #HighlyCited2025, Fellow AAAR & AGU. https://t.co/bba7YQLccv https://t.co/KutdZGqwmb Aerosols, pollution #EndFossilFuels #COVIDisAirborne","https://pbs.twimg.com/profile_images/1281677647819403264/pkDyZeHT_normal.jpg","Prof. Jose-Luis Jimenez","56768709","jljcolorado","94141","0","1469711581353230338","Sat Dec 11 19:01:57 +0000 2021","https://t.co/Td8p2DCJvF",,,,,,,,,,,,,,,,,,,,,,,,,,,,,,,,,,,,,,,,,,,,,,,,,,,,,,,,,,,,,,,,,,,,,,,,,,,,,,,,,,,,,,,,,,,,"x.com/jljcolorado/st…","https://x.com/jljcolorado/status/1469370415466401793?t=MGplmehbEr0Iw8DK01iGSg&s=19","8","31","https://t.co/Td8p2DCJvF","146569971","0","7","CDC","CDCgov",,,,,,,,,,,,,,,,,,,,,"1469744281497841664","qme","4",,,,,,,,,,,,,,,,,,,"0","0","0","active","@CDCgov https://t.co/Td8p2DCJvF",
"false","false","","https://pbs.twimg.com/profile_images/1465819158348812298/GnbLa4lQ_normal.jpg","merryfull","1344469337781006336","merryfull1","34","0","1469711581353230338","Sat Dec 11 18:52:52 +0000 2021","Besides vaccination, how can you help ppl get and BE healthy? How about using this platform to encourage ppl to eat less fried food, take vitamins, go for a walk in the sun, etc...",,,,,,,,,,,,,,,,,,,,,,,,,,,,,,,,,,,,,,,,,,,,,,,,,,,,,,,,,,,,,,,,,,,,,,,,,,,,,,,,,,,,,,,,,,,,,,,,,"146569971","0","7","CDC","CDCgov",,,,,,,,,,,,,,,,,,,,,"1469741995820081157","en","41",,,,,,,,,,,,,,,,,,,"0","7","0","active","@CDCgov Besides vaccination, how can you help ppl get and BE healthy? How about using this platform to encourage ppl to eat less fried food, take vitamins, go for a walk in the sun, etc...",
"false","false","Husband, Machinist, & Cleveland sports fan. Sometimes life is just that simple.","https://pbs.twimg.com/profile_images/721819198603833344/G7qoNqyA_normal.jpg","Redstorm216","370154028","Redstorm216","25","0","1469711581353230338","Sat Dec 11 16:54:26 +0000 2021","How do they know which variant is where. I just done battling covid. But when I ask the doctor what variant I had he had no clue. I'm just curious how they figure that part out",,,,,,,,,,,,,,,,,,,,,,,,,,,,,,,,,,,,,,,,,,,,,,,,,,,,,,,,,,,,,,,,,,,,,,,,,,,,,,,,,,,,,,,,,,,,,,,,,"146569971","0","7","CDC","CDCgov",,,,,,,,,,,,,,,,,,,,,"1469712190601142273","en","27",,,,,,,,,,,,,,,,,,,"0","9","0","active","@CDCgov How do they know which variant is where. I just done battling covid. But when I ask the doctor what variant I had he had no clue. I'm just curious how they figure that part out",
"false","false","If masks work....why did so many people have to die alone?
Anti-Communist   
There are only TWO genders","https://pbs.twimg.com/profile_images/1931141807565361152/CztvQ4xc_normal.jpg","Joe M.","165738200","gators960608","76","0","1469711581353230338","Sat Dec 11 17:00:41 +0000 2021","79% of Omicron cases are fully vaccinated per CDC.....🤣🤣",,,,,,,,,,,,,,,,,,,,,,,,,,,,,,,,,,,,,,,,,,,,,,,,,,,,,,,,,,,,,,,,,,,,,,,,,,,,,,,,,,,,,,,,,,,,,,,,,"146569971","0","7","CDC","CDCgov",,,,,,,,,,,,,,,,,,,,,"1469713763754467333","en","21",,,,,,,,,,,,,,,,,,,"0","1","0","active","@CDCgov 79% of Omicron cases are fully vaccinated per CDC.....🤣🤣",
"false","false","Making the best of each day","https://pbs.twimg.com/profile_images/1438316409763815425/by726qgk_normal.jpg","Ronnies","1438314787230859266","Ronnies55356572","79","0","1469711581353230338","Sun Dec 12 01:30:21 +0000 2021","As the weather gets colder. People catch colds and flu like they have been for 1000s of years.",,,,,,,,,,,,,,,,,,,,,,,,,,,,,,,,,,,,,,,,,,,,,,,,,,,,,,,,,,,,,,,,,,,,,,,,,,,,,,,,,,,,,,,,,,,,,,,,,"146569971","0","7","CDC","CDCgov",,,,,,,,,,,,,,,,,,,,,"1469842024811614212","en","17",,,,,,,,,,,,,,,,,,,"0","0","1","active","@CDCgov As the weather gets colder. People catch colds and flu like they have been for 1000s of years.",
"false","false","","https://pbs.twimg.com/profile_images/1427798884739284992/41Qo34Cg_normal.png","Carol Lewis","1427798713884311553","CarolLe20376400","5","0","1469711581353230338","Sat Dec 11 20:42:03 +0000 2021","No thanks.  Don't trust the government",,,,,,,,,,,,,,,,,,,,,,,,,,,,,,,,,,,,,,,,,,,,,,,,,,,,,,,,,,,,,,,,,,,,,,,,,,,,,,,,,,,,,,,,,,,,,,,,,"146569971","0","7","CDC","CDCgov",,,,,,,,,,,,,,,,,,,,,"1469769469308424198","en","14",,,,,,,,,,,,,,,,,,,"0","1","0","active","@CDCgov No thanks.  Don't trust the government",
"false","false","Max. I have to keep changing my affiliation. Officially Independent because Trump fucked the economy in 1 day. Dems are a joke. Conceptual analytics expert.","https://pbs.twimg.com/profile_images/1337941087105769472/pP2XedQJ_normal.jpg","Dump Trump…& Banish Muslims.","1196130378681143296","Max01144337","133","0","1469711581353230338","Sat Dec 11 18:17:30 +0000 2021","Let’s save the suspense. Shortly the omicron mutation will be in every town from coast to coast. We’ve been here at least 2 times already.",,,,,,,,,,,,,,,,,,,,,,,,,,,,,,,,,,,,,,,,,,,,,,,,,,,,,,,,,,,,,,,,,,,,,,,,,,,,,,,,,,,,,,,,,,,,,,,,,"146569971","0","7","CDC","CDCgov",,,,,,,,,,,,,,,,,,,,,"1469733093833641985","en","9",,,,,,,,,,,,,,,,,,,"0","0","0","active","@CDCgov Let’s save the suspense. Shortly the omicron mutation will be in every town from coast to coast. We’ve been here at least 2 times already.",
"false","false","","https://abs.twimg.com/sticky/default_profile_images/default_profile_normal.png","Jill Causa","1464436062315769856","Changeishear","1","0","1469711581353230338","Sun Dec 12 05:22:53 +0000 2021","NOT ONE DEATH",,,,,,,,,,,,,,,,,,,,,,,,,,,,,,,,,,,,,,,,,,,,,,,,,,,,,,,,,,,,,,,,,,,,,,,,,,,,,,,,,,,,,,,,,,,,,,,,,"146569971","0","7","CDC","CDCgov",,,,,,,,,,,,,,,,,,,,,"1469900544227803138","en","5",,,,,,,,,,,,,,,,,,,"0","0","0","active","@CDCgov NOT ONE DEATH",
"false","false","","https://pbs.twimg.com/profile_images/1433253226636140545/jSkqMbWw_normal.jpg","ocdp_drums","146986171","iwhcyouth1","33","0","1469711581353230338","Sat Dec 11 20:11:19 +0000 2021","By using this.",,,,,,,,,,"pic.x.com/eqsMiNAkrR","https://x.com/iwhcyouth1/status/1469761736408322049/photo/1","Available",,,,,,,,,,,,,,,,,,,,,,,,,,,,,,,,,"1469761734235676673","23","46","3_1469761734235676673","3_1469761734235676673","https://pbs.twimg.com/media/FGWkgpmUYAEkr66.jpg","516","922","0","817","922","922","0","614","1051","922","0","550","1844","922","0","153","2048","922","0","0","2048","922","2048","fit","922","1200","fit","540","680","fit","306","150","crop","150","photo","https://t.co/eqsMiNAkrR",,,,,,,,,,,"146569971","0","7","CDC","CDCgov",,,,,,,,,,,,,,,,,,,,,"1469761736408322049","en","2","1469761734235676673","https://pbs.twimg.com/media/FGWkgpmUYAEkr66.jpg",,,,,,,,,,,,,,,,,"0","2","1","active","@CDCgov By using this. https://t.co/eqsMiNAkrR",
"false","false","Lions🏈
Tigers⚾️ 
Red Wings🏒
Faith/Family/Country 🇺🇸","https://pbs.twimg.com/profile_images/2037292516886847488/XQCMG91y_normal.jpg","Lisa Reasons","359695480","LisaReasons","104","0","1469711581353230338","Sat Dec 11 16:54:51 +0000 2021","🥱🥱🥱🥱🥱",,,,,,,,,,,,,,,,,,,,,,,,,,,,,,,,,,,,,,,,,,,,,,,,,,,,,,,,,,,,,,,,,,,,,,,,,,,,,,,,,,,,,,,,,,,,,,,,,"146569971","0","7","CDC","CDCgov",,,,,,,,,,,,,,,,,,,,,"1469712294636666880","qme","4",,,,,,,,,,,,,,,,,,,"0","0","0","active","@CDCgov 🥱🥱🥱🥱🥱",
"false","false","Blessed and Highly Favored🛐","https://pbs.twimg.com/profile_images/1362549679481892866/KmN4YtaW_normal.jpg","Elizabeth D Taylor","1362549010716835844","ElizabethDTayl1","7","0","1469711581353230338","Sat Dec 11 18:40:02 +0000 2021","Get your head outta the sand! Or your behind will be under it!!
Choose Life!",,,,,,,,,,,,,,,,,,,,,,,,,,,,,,,,,,,,,,,,,,,,,,,,,,,,,,,,,,,,,,,,,,,,,,,,,,,,,,,,,,,,,,,,,,,,,,,,,"146569971","0","7","CDC","CDCgov",,,,,,,,,,,,,,,,,,,,,"1469738762876129282","en","3",,,,,,,,,,,,,,,,,,,"0","0","0","active","@CDCgov Get your head outta the sand! Or your behind will be under it!!
Choose Life!",
"false","false","I'm either smart because I'm always second guessing myself, or in an idiot because I don't know enough about anything to make an informed opinion. You pick.","https://pbs.twimg.com/profile_images/942797274513596418/NpSxOabJ_normal.jpg","David Buscemi","942072939016523778","killyourlogos","10","0","1469711581353230338","Sat Dec 11 18:35:31 +0000 2021","Im so torn about omicron. Early indicators suggest it's much milder, even when unvaccinated. And, we'd be safer if it was the dominant strain. But, then all these idiots that have been saying it's just like the flu will feel vindicated.",,,,,,,,,,,,,,,,,,,,,,,,,,,,,,,,,,,,,,,,,,,,,,,,,,,,,,,,,,,,,,,,,,,,,,,,,,,,,,,,,,,,,,,,,,,,,,,,,"146569971","0","7","CDC","CDCgov",,,,,,,,,,,,,,,,,,,,,"1469737625753948171","en","2",,,,,,,,,,,,,,,,,,,"0","2","0","active","@CDCgov Im so torn about omicron. Early indicators suggest it's much milder, even when unvaccinated. And, we'd be safer if it was the dominant strain. But, then all these idiots that have been saying it's just like the flu will feel vindicated.",
"false","false","","https://pbs.twimg.com/profile_images/1852852220003532800/T6o2rRnP_normal.jpg","Cagney","413581659","CagJ201","31","0","1469711581353230338","Sun Dec 12 02:24:10 +0000 2021","So Bat soup cause all of this?",,,,,,,,,,,,,,,,,,,,,,,,,,,,,,,,,,,,,,,,,,,,,,,,,,,,,,,,,,,,,,,,,,,,,,,,,,,,,,,,,,,,,,,,,,,,,,,,,"146569971","0","7","CDC","CDCgov",,,,,,,,,,,,,,,,,,,,,"1469855566533120005","en","2",,,,,,,,,,,,,,,,,,,"0","0","0","active","@CDCgov So Bat soup cause all of this?",
"false","false","Let's have a drink!","https://pbs.twimg.com/profile_images/1444037997758861314/pS6ybaRf_normal.png","J In Vegas","1444037640009908226","JinVegas10","4","0","1469711581353230338","Sun Dec 12 02:37:55 +0000 2021","Operation Lockstep.",,,,,,,,,,,,,,,,,,,,,,,,,,,,,,,,,,,,,,,,,,,,,,,,,,,,,,,,,,,,,,,,,,,,,,,,,,,,,,,,,,,,,,,,,,,,,,,,,"146569971","0","7","CDC","CDCgov",,,,,,,,,,,,,,,,,,,,,"1469859027937112070","en","2",,,,,,,,,,,,,,,,,,,"0","0","0","active","@CDCgov Operation Lockstep.",
"false","false","I don't use WhatsApp I don't use telegram and I don't believe Chinese women.
democratic conservative right. be scared liberals.","https://pbs.twimg.com/profile_images/1399394771311890432/esFNZ8Ks_normal.jpg","BL Hayes","1486201897","Hayes_BL","92","0","1469711581353230338","Sun Dec 12 16:09:08 +0000 2021","i see the US is no better at travel. the virus was in SA and now it's 23 states? Quarantine rules are not working and the screening research is taking too long; all intl travelers should be screened or quarantined. @WhiteHouse @COVID19Tracking @CDCgov @BBCNews",,,,,,,,,,,,,,,,,,,,,,,,,,,,,,,,,,,,,,,,,,,,,,,,,,,,,,,,,,,,,,,,,,,,,,,,,,,,,,,,,,,,,,,,,,,,,,,,,"146569971","0","7","CDC","CDCgov","1879644163769335808","223","234","The White House","WhiteHouse","1236557193752657926","235","251","The COVID Tracking Project","COVID19Tracking","146569971","252","259","CDC","CDCgov","612473","260","268","BBC News (UK)","BBCNews","1470063177329098756","en","2",,,,,,,,,,,,,,,,,,,"0","0","0","active","@CDCgov i see the US is no better at travel. the virus was in SA and now it's 23 states? Quarantine rules are not working and the screening research is taking too long; all intl travelers should be screened or quarantined. @WhiteHouse @COVID19Tracking @CDCgov @BBCNews",
"false","true","Santa Cruz Mountain denizen, Moderately Old Person, MIT grad (EECS),  armchair anthropologist, lousy bowler, cat owner, dog lover.","https://pbs.twimg.com/profile_images/1702320241567846400/7o07Qeqg_normal.jpg","kate adams","2175389834","BowlsForFries","428","1","1469711581353230338","Sat Dec 11 17:05:59 +0000 2021","Look at all those ways to look at all that data. Most excellent! County-by-county results here: https://t.co/XCaLMU9Qut",,,,,,,,,,,,,,,,,,,,,,,,,,,,,,,,,,,,,,,,,,,,,,,,,,,,,,,,,,,,,,,,,,,,,,,,,,,,,,,,,,,,,,,,,,,,"tinyurl.com/mtzpyak5","https://tinyurl.com/mtzpyak5","104","127","https://t.co/XCaLMU9Qut","146569971","0","7","CDC","CDCgov",,,,,,,,,,,,,,,,,,,,,"1469715097094266893","en","2",,,,,,,,,,,,,"United States","US","Boulder Creek, CA","https://api.twitter.com/1.1/geo/id/1745c8216f56bf42.json","Boulder Creek","city","1","1","0","active","@CDCgov Look at all those ways to look at all that data. Most excellent! County-by-county results here: https://t.co/XCaLMU9Qut",
"false","true","feeling like I'm trapped in a bad indie movie everyday ...","https://pbs.twimg.com/profile_images/1517937357214822401/l0ewT9-S_normal.jpg","Pepper","1371491672840830982","Pepperpieface","57","0","1469711581353230338","Sun Dec 12 21:17:01 +0000 2021","We need vaccine passports. This is ridiculous",,,,,,,,,,,,,,,,,,,,,,,,,,,,,,,,,,,,,,,,,,,,,,,,,,,,,,,,,,,,,,,,,,,,,,,,,,,,,,,,,,,,,,,,,,,,,,,,,"146569971","0","7","CDC","CDCgov",,,,,,,,,,,,,,,,,,,,,"1470140658023231488","en","1",,,,,,,,,,,,,"United States","US","Boulder Creek, CA","https://api.twitter.com/1.1/geo/id/1745c8216f56bf42.json","Boulder Creek","city","0","0","0","active","@CDCgov We need vaccine passports. This is ridiculous",
"false","true","A smile can be contagious.....try it 😃","https://pbs.twimg.com/profile_images/1481337931109482500/VI0rK8Ps_normal.jpg","ssjane18","1147970666379010051","sarah49655245","202","0","1469711581353230338","Sun Dec 12 07:44:46 +0000 2021","",,,,,,,,,,"pic.x.com/ANliwSM1KP","https://x.com/sarah49655245/status/1469936248500658177/photo/1","Available","143","143","301","1009",,,,,"95","95","201","675",,,,,"143","143","301","1009",,,,,"54","54","114","382",,,,,"1469936242389364736","8","31","3_1469936242389364736","3_1469936242389364736","https://pbs.twimg.com/media/FGZDOXIXMAA5eo2.jpg","464","828","0","349","828","828","0","167","944","828","0","109","1656","828","0","0","1792","828","0","0","1792","828","1792","fit","828","1200","fit","554","680","fit","314","150","crop","150","photo","https://t.co/ANliwSM1KP",,,,,,,,,,,"146569971","0","7","CDC","CDCgov",,,,,,,,,,,,,,,,,,,,,"1469936248500658177","qme","1","1469936242389364736","https://pbs.twimg.com/media/FGZDOXIXMAA5eo2.jpg",,,,,,,,,,,"United States","US","Boulder Creek, CA","https://api.twitter.com/1.1/geo/id/1745c8216f56bf42.json","Boulder Creek","city","0","0","0","active","@CDCgov https://t.co/ANliwSM1KP",
"false","true","","https://pbs.twimg.com/profile_images/1529615928199192577/uaWTJY4i_normal.jpg","robert","1424125615985205248","DesertNewMexico","3","0","1469711581353230338","Sat Dec 11 17:13:55 +0000 2021","So can cold medicine",,,,,,,,,,,,,,,,,,,,,,,,,,,,,,,,,,,,,,,,,,,,,,,,,,,,,,,,,,,,,,,,,,,,,,,,,,,,,,,,,,,,,,,,,,,,,,,,,"146569971","0","7","CDC","CDCgov",,,,,,,,,,,,,,,,,,,,,"1469717093008371716","en","1",,,,,,,,,,,,,"United States","US","Boulder Creek, CA","https://api.twitter.com/1.1/geo/id/1745c8216f56bf42.json","Boulder Creek","city","0","2","0","active","@CDCgov So can cold medicine",
"false","false","","https://pbs.twimg.com/profile_images/1521722366753083392/63lKeFU7_normal.jpg","Rayne Dash","1319770093073485824","DashRayne","13","0","1469711581353230338","Sat Dec 11 19:41:32 +0000 2021","My eyes just rolled out of my head",,,,,,,,,,,,,,,,,,,,,,,,,,,,,,,,,,,,,,,,,,,,,,,,,,,,,,,,,,,,,,,,,,,,,,,,,,,,,,,,,,,,,,,,,,,,,,,,,"146569971","0","7","CDC","CDCgov",,,,,,,,,,,,,,,,,,,,,"1469754243175235585","en","0",,,,,,,,,,,,,"United States","US","Boulder Creek, CA","https://api.twitter.com/1.1/geo/id/1745c8216f56bf42.json","Boulder Creek","city","0","0","0","active","@CDCgov My eyes just rolled out of my head",
"false","false","Im take action. All #politicians are  domestic terrorists seeking wealth and power. Stop talking and take action! Science and math not politics and religion.","https://pbs.twimg.com/profile_images/1468401354242723841/hlfJLQaH_normal.jpg","Fighting For Your Freedom","1461491129132724224","Fighting4mywife","14","0","1469711581353230338","Sun Dec 12 23:42:28 +0000 2021","Bullshit",,,,,,,,,,,,,,,,,,,,,,,,,,,,,,,,,,,,,,,,,,,,,,,,,,,,,,,,,,,,,,,,,,,,,,,,,,,,,,,,,,,,,,,,,,,,,,,,,"146569971","0","7","CDC","CDCgov",,,,,,,,,,,,,,,,,,,,,"1470177261672402951","en","0",,,,,,,,,,,,,"United States","US","Boulder Creek, CA","https://api.twitter.com/1.1/geo/id/1745c8216f56bf42.json","Boulder Creek","city","0","0","0","active","@CDCgov Bullshit",
"false","false","I see all as individuals, do not judge and try accepting people as they are.  Empathy, positive attitude/caring people resonate in my life","https://pbs.twimg.com/profile_images/1470422954139959305/FXubiBfD_normal.png","Tehmeena Muneeruddin","1470422083427577862","TMuneeruddin","2","0","1469711581353230338","Tue Dec 14 19:29:29 +0000 2021","I've come to know that many times ho hav tak n booster shots have fall n badly sick upon taking it...please provide statistics on this.",,,,,,,,,,,,,,,,,,,,,,,,,,,,,,,,,,,,,,,,,,,,,,,,,,,,,,,,,,,,,,,,,,,,,,,,,,,,,,,,,,,,,,,,,,,,,,,,,"146569971","0","7","CDC","CDCgov",,,,,,,,,,,,,,,,,,,,,"1470838373917106188","en","0",,,,,,,,,,,,,"United States","US","Boulder Creek, CA","https://api.twitter.com/1.1/geo/id/1745c8216f56bf42.json","Boulder Creek","city","0","0","0","active","@CDCgov I've come to know that many times ho hav tak n booster shots have fall n badly sick upon taking it...please provide statistics on this.",
"false","false","Gay Conservative with little to no tolerance for the left. Patriot. Trump supporter. Free thinker. Unvaccinated with natural immunity (so phug off sheep). MAGA!","https://pbs.twimg.com/profile_images/1439701168092033027/DodtwjZJ_normal.jpg","Proud Gay Conservative","1439700746333835273","RickProud","37","0","1469711581353230338","Sun Dec 12 06:50:05 +0000 2021","Blah blah blah blah blah blah blah blah blah",,,,,,,,,,,,,,,,,,,,,,,,,,,,,,,,,,,,,,,,,,,,,,,,,,,,,,,,,,,,,,,,,,,,,,,,,,,,,,,,,,,,,,,,,,,,,,,,,"146569971","0","7","CDC","CDCgov",,,,,,,,,,,,,,,,,,,,,"1469922485395152896","in","0",,,,,,,,,,,,,"United States","US","Boulder Creek, CA","https://api.twitter.com/1.1/geo/id/1745c8216f56bf42.json","Boulder Creek","city","0","0","0","active","@CDCgov Blah blah blah blah blah blah blah blah blah",
"false","false","Married","https://pbs.twimg.com/profile_images/1468666164008136713/MqmcACCS_normal.jpg","Felicia Jeffries Moten","1465441655385903107","FeliciaMoten4","28","0","1469711581353230338","Mon Dec 13 16:50:42 +0000 2021","True",,,,,,,,,,,,,,,,,,,,,,,,,,,,,,,,,,,,,,,,,,,,,,,,,,,,,,,,,,,,,,,,,,,,,,,,,,,,,,,,,,,,,,,,,,,,,,,,,"146569971","0","7","CDC","CDCgov",,,,,,,,,,,,,,,,,,,,,"1470436026158043143","en","0",,,,,,,,,,,,,"United States","US","Boulder Creek, CA","https://api.twitter.com/1.1/geo/id/1745c8216f56bf42.json","Boulder Creek","city","0","0","0","active","@CDCgov True",
"false","false","","https://pbs.twimg.com/profile_images/869572859869450240/rVFQkUk7_normal.jpg","DeF","1552045110","hhsc04","37","0","1469711581353230338","Sat Dec 11 18:32:08 +0000 2021","While early reports show cases of the variant are fairly minor, one expert warns that another 32,000 people may die of Covid from now until the end of the year.",,,,,,,,,,,,,,,,,,,,,,,,,,,,,,,,,,,,,,,,,,,,,,,,,,,,,,,,,,,,,,,,,,,,,,,,,,,,,,,,,,,,,,,,,,,,,,,,,"146569971","0","7","CDC","CDCgov",,,,,,,,,,,,,,,,,,,,,"1469736775837011969","en","0",,,,,,,,,,,,,"United States","US","Boulder Creek, CA","https://api.twitter.com/1.1/geo/id/1745c8216f56bf42.json","Boulder Creek","city","0","1","0","active","@CDCgov While early reports show cases of the variant are fairly minor, one expert warns that another 32,000 people may die of Covid from now until the end of the year.",
"false","false","Johnny","https://pbs.twimg.com/profile_images/1448444919455141896/g49jW-RR_normal.png","Johnny St louis","1448444828015079426","JohnnyStlouis4","2","0","1469711581353230338","Sun Dec 12 08:57:20 +0000 2021","Yeehje tu",,,,,,,,,,,,,,,,,,,,,,,,,,,,,,,,,,,,,,,,,,,,,,,,,,,,,,,,,,,,,,,,,,,,,,,,,,,,,,,,,,,,,,,,,,,,,,,,,"146569971","0","7","CDC","CDCgov",,,,,,,,,,,,,,,,,,,,,"1469954512068698114","nl","0",,,,,,,,,,,,,"United States","US","Boulder Creek, CA","https://api.twitter.com/1.1/geo/id/1745c8216f56bf42.json","Boulder Creek","city","0","0","0","active","@CDCgov Yeehje tu",
"false","false","","https://pbs.twimg.com/profile_images/1469224921721196544/q_1skjKF_normal.jpg","Teresa Diaz","1469224713520091139","TeresaD990","0","0","1469711581353230338","Sun Dec 12 01:36:10 +0000 2021","It's scary",,,,,,,,,,,,,,,,,,,,,,,,,,,,,,,,,,,,,,,,,,,,,,,,,,,,,,,,,,,,,,,,,,,,,,,,,,,,,,,,,,,,,,,,,,,,,,,,,"146569971","0","7","CDC","CDCgov",,,,,,,,,,,,,,,,,,,,,"1469843487164096513","en","0",,,,,,,,,,,,,"United States","US","Boulder Creek, CA","https://api.twitter.com/1.1/geo/id/1745c8216f56bf42.json","Boulder Creek","city","0","0","0","active","@CDCgov It's scary",
"false","false","Love been realistic and honesty","https://pbs.twimg.com/profile_images/1469801730493718529/QrEA1wz2_normal.jpg","Eric McCormack","1469800024863166465","EricMcCormacks4","1","0","1469711581353230338","Sat Dec 11 22:55:26 +0000 2021","Okay",,,,,,,,,,,,,,,,,,,,,,,,,,,,,,,,,,,,,,,,,,,,,,,,,,,,,,,,,,,,,,,,,,,,,,,,,,,,,,,,,,,,,,,,,,,,,,,,,"146569971","0","7","CDC","CDCgov",,,,,,,,,,,,,,,,,,,,,"1469803037866676224","en","0",,,,,,,,,,,,,"United States","US","Boulder Creek, CA","https://api.twitter.com/1.1/geo/id/1745c8216f56bf42.json","Boulder Creek","city","0","0","0","active","@CDCgov Okay",
"false","true","","https://pbs.twimg.com/profile_images/1153672118292271104/xekYbI0l_normal.jpg","Michael Donlan","1018308331654402048","MichaelDonlan5","1","0","1469711581353230338","Mon Dec 13 04:46:18 +0000 2021","Jeez, you people. Endlessly running around each other in a circle getting nowhere.  You all do know that engaging each other like this is a purely futile exercise?  Whatever it is you have decided to believe took you several months and will not change with some snarky tweet.",,,,,,,,,,,,,,,,,,,,,,,,,,,,,,,,,,,,,,,,,,,,,,,,,,,,,,,,,,,,,,,,,,,,,,,,,,,,,,,,,,,,,,,,,,,,,,,,,"146569971","0","7","CDC","CDCgov",,,,,,,,,,,,,,,,,,,,,"1470253723414786048","en","0",,,,,,,,,,,,,"United States","US","Boulder Creek, CA","https://api.twitter.com/1.1/geo/id/1745c8216f56bf42.json","Boulder Creek","city","0","0","0","active","@CDCgov Jeez, you people. Endlessly running around each other in a circle getting nowhere.  You all do know that engaging each other like this is a purely futile exercise?  Whatever it is you have decided to believe took you several months and will not change with some snarky tweet.",
"false","true","Husband Father of 3, bonus of 2 and Pop pop of 2 that I'm very proud of  love them to the moon and back!","https://pbs.twimg.com/profile_images/1867734065861787648/JvpscKz1_normal.jpg","Jb Fortner","834489835159183360","JbFortner","95","0","1469711581353230338","Sun Dec 12 00:50:52 +0000 2021","So damn book smart but dumber than shit",,,,,,,,,,,,,,,,,,,,,,,,,,,,,,,,,,,,,,,,,,,,,,,,,,,,,,,,,,,,,,,,,,,,,,,,,,,,,,,,,,,,,,,,,,,,,,,,,"146569971","0","7","CDC","CDCgov",,,,,,,,,,,,,,,,,,,,,"1469832087452758016","en","0",,,,,,,,,,,,,"United States","US","Boulder Creek, CA","https://api.twitter.com/1.1/geo/id/1745c8216f56bf42.json","Boulder Creek","city","0","0","0","active","@CDCgov So damn book smart but dumber than shit",
"false","false","Pastor at Saint Cecilia Catholic Community-Sung Mass Sundays 10:30 AM.","https://pbs.twimg.com/profile_images/987743089446932480/eYjbReuI_normal.jpg","David Justin Lynch","43336470","DesertDavid1951","283","0","1469711581353230338","Mon Dec 13 00:13:44 +0000 2021","I don't care and will just go about my business.",,,,,,,,,,,,,,,,,,,,,,,,,,,,,,,,,,,,,,,,,,,,,,,,,,,,,,,,,,,,,,,,,,,,,,,,,,,,,,,,,,,,,,,,,,,,,,,,,"146569971","0","7","CDC","CDCgov",,,,,,,,,,,,,,,,,,,,,"1470185129054130178","en","0",,,,,,,,,,,,,"United States","US","Boulder Creek, CA","https://api.twitter.com/1.1/geo/id/1745c8216f56bf42.json","Boulder Creek","city","0","0","0","active","@CDCgov I don't care and will just go about my business.",
"false","true","","https://pbs.twimg.com/profile_images/1427000266885406720/MBEcGJfk_normal.jpg","leftturnjesus","1388548100256567298","leftturnjesus","413","0","1469711581353230338","Sun Dec 12 13:00:00 +0000 2021","🖕🏻",,,,,,,,,,,,,,,,,,,,,,,,,,,,,,,,,,,,,,,,,,,,,,,,,,,,,,,,,,,,,,,,,,,,,,,,,,,,,,,,,,,,,,,,,,,,,,,,,"146569971","0","7","CDC","CDCgov",,,,,,,,,,,,,,,,,,,,,"1470015580644200449","qme","0",,,,,,,,,,,,,"United States","US","Boulder Creek, CA","https://api.twitter.com/1.1/geo/id/1745c8216f56bf42.json","Boulder Creek","city","0","0","0","active","@CDCgov 🖕🏻",
"false","true","🙏","https://pbs.twimg.com/profile_images/1888768320523902977/6FGdb87W_normal.jpg","😂 😂 😂 😂 😂 😂 😂","1407626908339159040","BangerCommitte","36","0","1469711581353230338","Mon Dec 13 17:17:32 +0000 2021","I had covid it's sucks!! I think what some people don't understand is that once it's over it's not really over like you being sick with the flu it's like once you're done it's over it's been over a month and a half and I still can't breathe right I have side effects like crazy 😧",,,,,,,,,,,,,,,,,,,,,,,,,,,,,,,,,,,,,,,,,,,,,,,,,,,,,,,,,,,,,,,,,,,,,,,,,,,,,,,,,,,,,,,,,,,,,,,,,"146569971","0","7","CDC","CDCgov",,,,,,,,,,,,,,,,,,,,,"1470442778001907722","en","0",,,,,,,,,,,,,"United States","US","Boulder Creek, CA","https://api.twitter.com/1.1/geo/id/1745c8216f56bf42.json","Boulder Creek","city","0","0","0","active","@CDCgov I had covid it's sucks!! I think what some people don't understand is that once it's over it's not really over like you being sick with the flu it's like once you're done it's over it's been over a month and a half and I still can't breathe right I have side effects like crazy 😧",
"false","false","♥ https://t.co/0jT381hiVf subscribe to all other SM @stevecutlerlive","https://pbs.twimg.com/profile_images/1894381071506051072/UJtRzDYv_normal.jpg","#Steve Cutler Live #musicisthebest","35622305","SteveCutlerLive","756","0","1469711581353230338","Mon Dec 13 01:38:49 +0000 2021","AS of ALWAYS. the Omicron variant has killed NO ONE. has put NO ONE in the hospital and is predominately spread by the vaccinated . Get a CLUE CT . This is an illusion ! Get the omicron variant and end the state narrative that it is to be feared. IT has given headaches only!!!!!",,,,,,,,,,,,,,,,,,,,,,,,,,,,,,,,,,,,,,,,,,,,,,,,,,,,,,,,,,,,,,,,,,,,,,,,,,,,,,,,,,,,,,,,,,,,,,,,,"146569971","0","7","CDC","CDCgov",,,,,,,,,,,,,,,,,,,,,"1470206541131309060","en","0",,,,,,,,,,,,,"United States","US","Boulder Creek, CA","https://api.twitter.com/1.1/geo/id/1745c8216f56bf42.json","Boulder Creek","city","0","0","0","active","@CDCgov AS of ALWAYS. the Omicron variant has killed NO ONE. has put NO ONE in the hospital and is predominately spread by the vaccinated . Get a CLUE CT . This is an illusion ! Get the omicron variant and end the state narrative that it is to be feared. IT has given headaches only!!!!!",
"false","false","Christian teacher, father, sojourner in a wild world.","https://pbs.twimg.com/profile_images/1730676622410264576/U2GhBnEg_normal.jpg","Singh Hims","1131757207","pilgrim2glory","85","0","1469711581353230338","Tue Dec 14 13:52:25 +0000 2021","Or better, get the natural immunity and not put yourself at risk with the dangerous vaccines.",,,,,,,,,,,,,,,,,,,,,,,,,,,,,,,,,,,,,,,,,,,,,,,,,,,,,,,,,,,,,,,,,,,,,,,,,,,,,,,,,,,,,,,,,,,,,,,,,"146569971","0","7","CDC","CDCgov",,,,,,,,,,,,,,,,,,,,,"1470753547662807052","en","0",,,,,,,,,,,,,"United States","US","Boulder Creek, CA","https://api.twitter.com/1.1/geo/id/1745c8216f56bf42.json","Boulder Creek","city","0","0","0","active","@CDCgov Or better, get the natural immunity and not put yourself at risk with the dangerous vaccines.",
"false","true","","https://abs.twimg.com/sticky/default_profile_images/default_profile_normal.png","El Conquistador","903796534231392256","ElConqu17574749","119","0","1469711581353230338","Sat Dec 11 17:12:15 +0000 2021","Move on already.  Cdc putting fear into public and they have zero clue what varriants are where.",,,,,,,,,,"pic.x.com/U2ls1d1nxx","https://x.com/ElConqu17574749/status/1469716673628450816/photo/1","Available","77","77","424","46","83","83","345","394","77","77","424","46","83","83","345","394","77","77","424","46","83","83","345","394","77","77","424","46","83","83","345","394","1469716369608429573","105","128","3_1469716369608429573","3_1469716369608429573","https://pbs.twimg.com/media/FGV7QFMWUAUm_YG.jpg","347","620","0","147","620","620","0","10","675","592","0","0","675","338","50","0","675","620","0","0","675","620","675","fit","620","675","fit","620","675","fit","620","150","crop","150","photo","https://t.co/U2ls1d1nxx",,,,,,,,,,,"146569971","0","7","CDC","CDCgov",,,,,,,,,,,,,,,,,,,,,"1469716673628450816","en","9","1469716369608429573","https://pbs.twimg.com/media/FGV7QFMWUAUm_YG.jpg",,,,,,,,,,,,,,,,,"0","0","2","active","@CDCgov Move on already.  Cdc putting fear into public and they have zero clue what varriants are where. https://t.co/U2ls1d1nxx",
"false","false","Christian perspective tweets.
1) Islamic deity is not the Christian Diety so Islam breaks the 1st Cmnd and is blasphemy to Jesus.
2) Islam is unconstitutional.","https://abs.twimg.com/sticky/default_profile_images/default_profile_normal.png","Doug Roberts 🇺🇸","785028179782021120","_DougRoberts","115","0","1469711581353230338","Sat Dec 11 18:06:44 +0000 2021","Covid19 vax?
1) Millions of Americans believe the CDC is guilty of MANSLAUGHTER by agressively PUSHING a vaccine known by CDC VAERS to cause death in many.
2) 18 U.S. Code § 1112 - Manslaughter
""the unlawful killing of a human being without malice""",,,,,,,,,,,,,,,,,,,,,,,,,,,,,,,,,,,,,,,,,,,,,,,,,,,,,,,,,,,,,,,,,,,,,,,,,,,,,,,,,,,,,,,,,,,,,,,,,"146569971","0","7","CDC","CDCgov",,,,,,,,,,,,,,,,,,,,,"1469730385764372480","en","6",,,,,,,,,,,,,,,,,,,"0","1","0","active","@CDCgov Covid19 vax?
1) Millions of Americans believe the CDC is guilty of MANSLAUGHTER by agressively PUSHING a vaccine known by CDC VAERS to cause death in many.
2) 18 U.S. Code § 1112 - Manslaughter
""the unlawful killing of a human being without malice""",
"false","false","MAGA 🇺🇸🇺🇸🇺🇸","https://pbs.twimg.com/profile_images/1454962971554238466/3APS9Mn-_normal.jpg","Wendy Storm","1454962868416307207","WendyStorm67","425","0","1469711581353230338","Sun Dec 12 02:50:20 +0000 2021","STOP SPREADING THIS HYSTERIA! There is absolutely NO REASON to push vaccines because of this variant! How much are you getting paid by the pharmaceutical companies to do this!",,,,,,,,,,,,,,,,,,,,,,,,,,,,,,,,,,,,,,,,,,,,,,,,,,,,,,,,,,,,,,,,,,,,,,,,,,,,,,,,,,,,,,,,,,,,,,,,,"146569971","0","7","CDC","CDCgov",,,,,,,,,,,,,,,,,,,,,"1469862152974573575","en","6",,,,,,,,,,,,,,,,,,,"0","0","0","active","@CDCgov STOP SPREADING THIS HYSTERIA! There is absolutely NO REASON to push vaccines because of this variant! How much are you getting paid by the pharmaceutical companies to do this!",
"false","false","I am the babbling Twit. Up to you if you wanna talk to one.","https://pbs.twimg.com/profile_images/1275215366520741890/nLP-Y2_k_normal.jpg","The Babbling Twit","1271210312948240389","TheBabblingTwit","18","0","1469711581353230338","Sat Dec 11 19:08:37 +0000 2021","No thanks LOL. 

Shots dont work and I aint taking them",,,,,,,,,,"pic.x.com/rHcY6DhWJD","https://x.com/TheBabblingTwit/status/1469745957256507399/photo/1","Available",,,,,,,,,,,,,,,,,,,,,,,,,,,,,,,,,"1469745889061310467","64","87","3_1469745889061310467","3_1469745889061310467","https://pbs.twimg.com/media/FGWWGVuXEAMPXpD.jpg","605","1080","0","319","973","973","0","0","973","854","0","0","973","487","108","0","973","1080","0","0","973","1080","973","fit","1080","973","fit","1080","613","fit","680","150","crop","150","photo","https://t.co/rHcY6DhWJD",,,,,,,,,,,"146569971","0","7","CDC","CDCgov",,,,,,,,,,,,,,,,,,,,,"1469745957256507399","en","4","1469745889061310467","https://pbs.twimg.com/media/FGWWGVuXEAMPXpD.jpg",,,,,,,,,,,,,,,,,"0","0","0","active","@CDCgov No thanks LOL. 

Shots dont work and I aint taking them https://t.co/rHcY6DhWJD",
"false","true","","https://pbs.twimg.com/profile_images/1897882338182545412/M-voWHbp_normal.jpg","Miss MuhRee","2586924308","MuhRee24","601","0","1469711581353230338","Sun Dec 12 03:26:13 +0000 2021","All omicron cases in the USA have been vaccinated people. So quit pushing vaccines.",,,,,,,,,,,,,,,,,,,,,,,,,,,,,,,,,,,,,,,,,,,,,,,,,,,,,,,,,,,,,,,,,,,,,,,,,,,,,,,,,,,,,,,,,,,,,,,,,"146569971","0","7","CDC","CDCgov",,,,,,,,,,,,,,,,,,,,,"1469871182719565827","en","4",,,,,,,,,,,,,,,,,,,"0","0","0","active","@CDCgov All omicron cases in the USA have been vaccinated people. So quit pushing vaccines.",
"false","false","Yrst","https://pbs.twimg.com/profile_images/1439017077038276613/00gd4B_z_normal.png","Jacob Lynch","1439016952664576001","JacobLy28172730","4","0","1469711581353230338","Sat Dec 11 18:28:50 +0000 2021","""Could protect you""

Nice science. Pretty obvious that the vaccines don't work.",,,,,,,,,,,,,,,,,,,,,,,,,,,,,,,,,,,,,,,,,,,,,,,,,,,,,,,,,,,,,,,,,,,,,,,,,,,,,,,,,,,,,,,,,,,,,,,,,"146569971","0","7","CDC","CDCgov",,,,,,,,,,,,,,,,,,,,,"1469735944551084038","en","3",,,,,,,,,,,,,,,,,,,"0","1","0","active","@CDCgov ""Could protect you""

Nice science. Pretty obvious that the vaccines don't work.",
"false","false","Yrst","https://pbs.twimg.com/profile_images/1439017077038276613/00gd4B_z_normal.png","Jacob Lynch","1439016952664576001","JacobLy28172730","4","0","1469711581353230338","Sun Dec 12 04:36:45 +0000 2021","The majority of people who get #Omnicron are VACCINATED.

Stay safe and away from these vaccines.","39","48","Omnicron",,,,,,,,,,,,,,,,,,,,,,,,,,,,,,,,,,,,,,,,,,,,,,,,,,,,,,,,,,,,,,,,,,,,,,,,,,,,,,,,,,,,,,,,,,,,,,"146569971","0","7","CDC","CDCgov",,,,,,,,,,,,,,,,,,,,,"1469888933207154688","en","3",,,,,,,,,,,,,,,,,,,"0","0","0","active","@CDCgov The majority of people who get #Omnicron are VACCINATED.

Stay safe and away from these vaccines.",
"false","false","I STRESS TO EVERYONE THAT LIKES +RE-POSTS MY TWEETS.I AM NOT AN ANTI-VAXER/I ONLY WANT WATS BEST FOR MY FAMILY,FRIENDS,COMMUNITY,STATE AND FELLOW COUNTRYMAN .","https://pbs.twimg.com/profile_images/1427462047839657991/_RTBX-R1_normal.jpg","8492# COVAXIN NOW","1405572362796367872","123Devildoc","26","0","1469711581353230338","Sat Dec 11 16:57:21 +0000 2021","OCGN DIDNT PAY ENOUGH FOR #COVAXIN TO FDA FOR THERE GRIFF💰😳🤢🤮https://t.co/LrKrIhoInC","34","42","COVAXIN",,,,,,,,,,,,,,,,,,,,,,,,,,,,,,,,,,,,,,,,,,,,,,,,,,,,,,,,,,,,,,,,,,,,,,,,,,,,,,,,,,,,,,,,,"x.com/123devildoc/st…","https://x.com/123devildoc/status/1469712432146776065?s=21","69","92","https://t.co/LrKrIhoInC","146569971","0","7","CDC","CDCgov",,,,,,,,,,,,,,,,,,,,,"1469712921202622464","en","1",,,,,,,,,,,,,,,,,,,"1","0","1","active","@CDCgov OCGN DIDNT PAY ENOUGH FOR #COVAXIN TO FDA FOR THERE GRIFF💰😳🤢🤮https://t.co/LrKrIhoInC",
"false","false","If someone did preventative & curative health in this country &
called it health benefits, few would notice.  
Neither the AMA, pharma or insurance. Telling.","https://pbs.twimg.com/profile_images/1225164470646784002/Y_ydzL_p_normal.jpg","Peter Z.","21733694","PeterZapf","69","0","1469711581353230338","Sat Dec 11 18:08:51 +0000 2021","Another pharma ad.
Why do times of widespread health exist without pharma?
What are the traditional antiviral actions?
Congress is for voting and departments are for facts.
Too much regulatory capture for departments to be working.  Too much sickness too.",,,,,,,,,,"pic.x.com/VUr2GCx1CS","https://x.com/PeterZapf/status/1469730915391664131/photo/1","Available","109","109","479","142","97","97","192","263","109","109","479","142","97","97","192","263","109","109","479","142","97","97","192","263","72","72","319","94","64","64","128","175","1469730825805582341","264","287","3_1469730825805582341","3_1469730825805582341","https://pbs.twimg.com/media/FGWIZiuVUAUwv4b.jpg","540","964","0","0","540","540","0","0","540","474","0","0","540","270","43","0","540","1020","0","0","540","1020","540","fit","1020","540","fit","1020","360","fit","680","150","crop","150","photo","https://t.co/VUr2GCx1CS",,,,,,,,,,,"146569971","0","7","CDC","CDCgov",,,,,,,,,,,,,,,,,,,,,"1469730915391664131","en","2","1469730825805582341","https://pbs.twimg.com/media/FGWIZiuVUAUwv4b.jpg",,,,,,,,,,,,,,,,,"0","0","0","active","@CDCgov Another pharma ad.
Why do times of widespread health exist without pharma?
What are the traditional antiviral actions?
Congress is for voting and departments are for facts.
Too much regulatory capture for departments to be working.  Too much sickness too. https://t.co/VUr2GCx1CS",
"false","false","#donotcomply #bitcoin","https://pbs.twimg.com/profile_images/1983719961542475776/WaELyqEH_normal.jpg","twarrana","1351203269536841740","twarranna","204","0","1469711581353230338","Sun Dec 12 05:24:34 +0000 2021","",,,,,,,,,,"pic.x.com/J99CCcw9x5","https://x.com/mirenlazzarini/status/1469900965209952257/photo/1","Available",,,,,,,,,,,,,,,,,,,,,,,,,,,,,,,,,"1469900959828619266","8","31","3_1469900959828619266","3_1469900959828619266","https://pbs.twimg.com/media/FGYjIpWXMAICiJx.jpg","566","1011","0","0","782","782","0","0","782","686","0","0","782","391","0","0","782","1011","0","0","782","1011","782","fit","1011","782","fit","1011","526","fit","680","150","crop","150","photo","https://t.co/J99CCcw9x5",,,,,,,,,,,"146569971","0","7","CDC","CDCgov",,,,,,,,,,,,,,,,,,,,,"1469900965209952257","qme","2","1469900959828619266","https://pbs.twimg.com/media/FGYjIpWXMAICiJx.jpg",,,,,,,,,,,,,,,,,"0","0","0","active","@CDCgov https://t.co/J99CCcw9x5",
"false","true","Not Your Average Sheep! It’s A Pretty Simple Task To Be A Good Person & See Through This Ideological Warfare They Have Us Participating In.","https://pbs.twimg.com/profile_images/1416304721015545861/nhEMrF0b_normal.jpg","SunTzuTrickedYou","1390956758387073026","SunTricked","9","0","1469711581353230338","Sun Dec 12 04:27:07 +0000 2021","Tell me you’re the leader of a cult without saying “I’m the leader of the CDC, I mean, Cult”",,,,,,,,,,,,,,,,,,,,,,,,,,,,,,,,,,,,,,,,,,,,,,,,,,,,,,,,,,,,,,,,,,,,,,,,,,,,,,,,,,,,,,,,,,,,,,,,,"146569971","0","7","CDC","CDCgov",,,,,,,,,,,,,,,,,,,,,"1469886507251032067","en","1",,,,,,,,,,,,,,,,,,,"0","0","0","active","@CDCgov Tell me you’re the leader of a cult without saying “I’m the leader of the CDC, I mean, Cult”",
"false","false","","https://pbs.twimg.com/profile_images/1492832980351475717/DSRUmtr9_normal.jpg","Fouquier-Tinville","1460570357010771969","FouquierTinvil","38","0","1469711581353230338","Sun Dec 12 10:13:48 +0000 2021","Yeah just keep your shit, we are not lab rats! You will have to pay for what you've done!",,,,,,,,,,,,,,,,,,,,,,,,,,,,,,,,,,,,,,,,,,,,,,,,,,,,,,,,,,,,,,,,,,,,,,,,,,,,,,,,,,,,,,,,,,,,,,,,,"146569971","0","7","CDC","CDCgov",,,,,,,,,,,,,,,,,,,,,"1469973755476815872","en","1",,,,,,,,,,,,,,,,,,,"0","0","0","active","@CDCgov Yeah just keep your shit, we are not lab rats! You will have to pay for what you've done!",
"false","false","https://t.co/w5tmxYOw5i
 
You have the power to change the world with an open heart and open mind! 
Follow your heart and follow the truth vibrations.","https://pbs.twimg.com/profile_images/1245220976096202757/1mY3XGFB_normal.jpg","🇺🇲SAVE HUMANITY🇺🇲","1245220806113644544","ProSaveHumanity","616","0","1469711581353230338","Sun Dec 12 07:05:27 +0000 2021","The CDC is totally credible. We can all feel safe now with their so called expertise 🤣🤣🤣",,,,,,,,,,,,,,,,,,,,,,,,,,,,,,,,,,,,,,,,,,,,,,,,,,,,,,,,,,,,,,,,,,,,,,,,,,,,,,,,,,,,,,,,,,,,,,,,,"146569971","0","7","CDC","CDCgov",,,,,,,,,,,,,,,,,,,,,"1469926355861180421","en","1",,,,,,,,,,,,,,,,,,,"0","0","0","active","@CDCgov The CDC is totally credible. We can all feel safe now with their so called expertise 🤣🤣🤣",
"false","false","","https://pbs.twimg.com/profile_images/1364973502407696387/ukinPmVL_normal.jpg","Duck_4_ever_1958","1335400976627322881","shanty_towne","1","0","1469711581353230338","Sun Dec 12 04:11:02 +0000 2021","KateSucks",,,,,,,,,,,,,,,,,,,,,,,,,,,,,,,,,,,,,,,,,,,,,,,,,,,,,,,,,,,,,,,,,,,,,,,,,,,,,,,,,,,,,,,,,,,,,,,,,"146569971","0","7","CDC","CDCgov",,,,,,,,,,,,,,,,,,,,,"1469882459244281859","en","0",,,,,,,,,,,,,,,,,,,"0","0","0","active","@CDCgov KateSucks",
"false","false","I STRESS TO EVERYONE THAT LIKES +RE-POSTS MY TWEETS.I AM NOT AN ANTI-VAXER/I ONLY WANT WATS BEST FOR MY FAMILY,FRIENDS,COMMUNITY,STATE AND FELLOW COUNTRYMAN .","https://pbs.twimg.com/profile_images/1427462047839657991/_RTBX-R1_normal.jpg","8492# COVAXIN NOW","1405572362796367872","123Devildoc","26","0","1469711581353230338","Sat Dec 11 21:41:02 +0000 2021","https://t.co/YkFViISiPR",,,,,,,,,,,,,,,,,,,,,,,,,,,,,,,,,,,,,,,,,,,,,,,,,,,,,,,,,,,,,,,,,,,,,,,,,,,,,,,,,,,,,,,,,,,,"x.com/123devildoc/st…","https://x.com/123devildoc/status/1469783467843997698?s=21","8","31","https://t.co/YkFViISiPR","146569971","0","7","CDC","CDCgov",,,,,,,,,,,,,,,,,,,,,"1469784312761384961","qme","0",,,,,,,,,,,,,,,,,,,"0","0","0","active","@CDCgov https://t.co/YkFViISiPR",
"false","false","I STRESS TO EVERYONE THAT LIKES +RE-POSTS MY TWEETS.I AM NOT AN ANTI-VAXER/I ONLY WANT WATS BEST FOR MY FAMILY,FRIENDS,COMMUNITY,STATE AND FELLOW COUNTRYMAN .","https://pbs.twimg.com/profile_images/1427462047839657991/_RTBX-R1_normal.jpg","8492# COVAXIN NOW","1405572362796367872","123Devildoc","26","0","1469711581353230338","Sat Dec 11 20:43:45 +0000 2021","https://t.co/Hy9Nrm1KXK",,,,,,,,,,,,,,,,,,,,,,,,,,,,,,,,,,,,,,,,,,,,,,,,,,,,,,,,,,,,,,,,,,,,,,,,,,,,,,,,,,,,,,,,,,,,"x.com/123devildoc/st…","https://x.com/123devildoc/status/1469769711197954057?s=21","8","31","https://t.co/Hy9Nrm1KXK","146569971","0","7","CDC","CDCgov",,,,,,,,,,,,,,,,,,,,,"1469769898452680709","qme","0",,,,,,,,,,,,,,,,,,,"0","0","0","active","@CDCgov https://t.co/Hy9Nrm1KXK",
"false","false","All Democrats are FRAUDS!
Not here to gain followers!","https://pbs.twimg.com/profile_images/1533932830308302853/DEol7yNI_normal.jpg","PJ","1375557289411743748","Philly4167","97","0","1469711581353230338","Mon Dec 13 12:49:49 +0000 2021","#DoNotComply #covidvariant #COVID19 is a scam!","8","20","DoNotComply","21","34","covidvariant","35","43","COVID19","pic.x.com/KWyN0kngjx","https://x.com/Philly4167/status/1470375403214700546/photo/1","Available",,,,,,,,,,,,,,,,,,,,,,,,,,,,,,,,,"1470375353918967809","55","78","3_1470375353918967809","3_1470375353918967809","https://pbs.twimg.com/media/FGfSmBDUUAE39hA.png","245","438","0","259","438","438","0","162","499","438","0","132","876","438","0","0","900","438","0","0","900","438","900","fit","438","900","fit","438","680","fit","331","150","crop","150","photo","https://t.co/KWyN0kngjx",,,,,,,,,,,"146569971","0","7","CDC","CDCgov",,,,,,,,,,,,,,,,,,,,,"1470375403214700546","en","0","1470375353918967809","https://pbs.twimg.com/media/FGfSmBDUUAE39hA.png",,,,,,,,,,,,,,,,,"0","0","0","active","@CDCgov #DoNotComply #covidvariant #COVID19 is a scam! https://t.co/KWyN0kngjx",
"false","false","I’m not a rapper, I just do it, the south got something to say, high vibrations running circles in this bitch! Don’t watch me, watch the road. BAF1!!!","https://pbs.twimg.com/profile_images/1547008756147527680/qPQlsb66_normal.jpg","Rob Allbanks","1469850864030564355","RAllbanks","118","0","1469711581353230338","Mon Dec 13 05:30:10 +0000 2021","Why do you guys silence the doctors against the vaccine?",,,,,,,,,,,,,,,,,,,,,,,,,,,,,,,,,,,,,,,,,,,,,,,,,,,,,,,,,,,,,,,,,,,,,,,,,,,,,,,,,,,,,,,,,,,,,,,,,"146569971","0","7","CDC","CDCgov",,,,,,,,,,,,,,,,,,,,,"1470264765456998404","en","0",,,,,,,,,,,,,,,,,,,"0","0","0","active","@CDCgov Why do you guys silence the doctors against the vaccine?",
"true","false","God, Family, Country, Constitution, & Law.
Taxpayers don't work for Gov, Government must work for taxpayers.  Aliens and foreign countries excluded.  NO DM's","https://pbs.twimg.com/profile_images/1793047941113847808/fWLF1IoJ_normal.jpg","Patricia Jacob","415250512","jacob_patricia","1614","0","1469711581353230338","Sun Dec 12 20:22:29 +0000 2021","Where has seasonal flu gone?
Now every bug is a COVID variant?
Why did CDC change the definition of ""vaccine"" to include COVID jab?
Vaccine is described as preventing infection, COVID jab doe not!   No more COVID fear &amp; vax pressure; none can believe CDC anymore!",,,,,,,,,,,,,,,,,,,,,,,,,,,,,,,,,,,,,,,,,,,,,,,,,,,,,,,,,,,,,,,,,,,,,,,,,,,,,,,,,,,,,,,,,,,,,,,,,"146569971","0","7","CDC","CDCgov",,,,,,,,,,,,,,,,,,,,,"1470126936361951240","en","0",,,,,,,,,,,,,,,,,,,"0","1","0","active","@CDCgov Where has seasonal flu gone?
Now every bug is a COVID variant?
Why did CDC change the definition of ""vaccine"" to include COVID jab?
Vaccine is described as preventing infection, COVID jab doe not!   No more COVID fear &amp; vax pressure; none can believe CDC anymore!",
"false","true","Just my opinions","https://pbs.twimg.com/profile_images/1460258190302527493/tIIxV3ou_normal.jpg","Jackson Young Jr","1383820674683195394","jacksonyoung102","61","0","1469711581353230338","Mon Dec 13 06:46:44 +0000 2021","https://t.co/CBy1G0Tpzl",,,,,,,,,,,,,,,,,,,,,,,,,,,,,,,,,,,,,,,,,,,,,,,,,,,,,,,,,,,,,,,,,,,,,,,,,,,,,,,,,,,,,,,,,,,,"reuters.com/world/us/most-…","https://www.reuters.com/world/us/most-reported-us-omicron-cases-have-hit-fully-vaccinated-cdc-2021-12-10/","8","31","https://t.co/CBy1G0Tpzl","146569971","0","7","CDC","CDCgov",,,,,,,,,,,,,,,,,,,,,"1470284030360924162","qme","0",,,,,,,,,,,,,,,,,,,"0","0","0","active","@CDCgov https://t.co/CBy1G0Tpzl",
"false","false","","https://pbs.twimg.com/profile_images/1379838407854153734/NZEIFOI-_normal.jpg","Masteraux","1379838184280952837","Masteraux2","445","0","1469711581353230338","Sun Dec 12 17:46:59 +0000 2021","What a bunch of shit.... A virus with a 99.87 survival rate and your pushing a ""vaccine"" that kills more then the virus.  Get off your high horse you fucktards",,,,,,,,,,,,,,,,,,,,,,,,,,,,,,,,,,,,,,,,,,,,,,,,,,,,,,,,,,,,,,,,,,,,,,,,,,,,,,,,,,,,,,,,,,,,,,,,,"146569971","0","7","CDC","CDCgov",,,,,,,,,,,,,,,,,,,,,"1470087800108236808","en","0",,,,,,,,,,,,,,,,,,,"0","0","0","active","@CDCgov What a bunch of shit.... A virus with a 99.87 survival rate and your pushing a ""vaccine"" that kills more then the virus.  Get off your high horse you fucktards",
"false","true","Interested in news , science and philosophy.","https://pbs.twimg.com/profile_images/678738144963878913/zGc7eG6b_normal.jpg","theUn-Politics 🇵🇸 🇮🇪🇨🇳🇦🇶🇷🇺🇬🇧🇲🇾🇺🇲","43607424","MARS309","620","0","1469711581353230338","Sun Dec 12 00:02:07 +0000 2021","NEWS: it's been reported that there two Omicron variants . one is mild with symptoms like a cold or hay fever. 2nd is known as OMICRON X . X symptoms are like rabies , with fevers 102F  , hallucinations, violent behavior. So far there been 3 cases of X . Stay Tuned!",,,,,,,,,,"pic.x.com/ywN2xrKB8a","https://x.com/MARS309/status/1469819818773598208/photo/1","Available",,,,,,,,,,,,,,,,,,,,,,,,,,,,,,,,,"1469819808677957634","275","298","16_1469819808677957634","16_1469819808677957634","https://pbs.twimg.com/tweet_video_thumb/FGXZVBwVEAIyLoQ.jpg",,,,,,,,,,,,,,,,,,,,,"298","498","298","fit","498","298","fit","498","298","fit","498","150","crop","150","animated_gif","https://t.co/ywN2xrKB8a","249","149","0","video/mp4","https://video.twimg.com/tweet_video/FGXZVBwVEAIyLoQ.mp4",,,,,,"146569971","0","7","CDC","CDCgov",,,,,,,,,,,,,,,,,,,,,"1469819818773598208","en","0",,,"249","149",,"1469819808677957634","https://pbs.twimg.com/tweet_video_thumb/FGXZVBwVEAIyLoQ.jpg","298","498","0","video/mp4","https://video.twimg.com/tweet_video/FGXZVBwVEAIyLoQ.mp4",,,,,,,"0","0","0","active","@CDCgov NEWS: it's been reported that there two Omicron variants . one is mild with symptoms like a cold or hay fever. 2nd is known as OMICRON X . X symptoms are like rabies , with fevers 102F  , hallucinations, violent behavior. So far there been 3 cases of X . Stay Tuned! https://t.co/ywN2xrKB8a",
"false","false","","https://pbs.twimg.com/profile_images/1435646197130215429/Pb9yNuwI_normal.jpg","Mr Smith","285109067","zfiredragn","80","0","1469711581353230338","Mon Dec 13 02:48:24 +0000 2021","",,,,,,,,,,"pic.x.com/OTJk0eyptW","https://x.com/zfiredragn/status/1470224052421808129/photo/1","Available",,,,,,,,,,,,,,,,,,,,,,,,,,,,,,,,,"1470224050949660677","8","31","3_1470224050949660677","3_1470224050949660677","https://pbs.twimg.com/media/FGdI_BkXIAUZizc.jpg","420","750","0","117","537","537","163","0","537","471","196","0","537","269","297","0","537","750","0","0","537","750","537","fit","750","537","fit","750","487","fit","680","150","crop","150","photo","https://t.co/OTJk0eyptW",,,,,,,,,,,"146569971","0","7","CDC","CDCgov",,,,,,,,,,,,,,,,,,,,,"1470224052421808129","qme","0","1470224050949660677","https://pbs.twimg.com/media/FGdI_BkXIAUZizc.jpg",,,,,,,,,,,,,,,,,"0","0","0","active","@CDCgov https://t.co/OTJk0eyptW",
"false","false","Max. I have to keep changing my affiliation. Officially Independent because Trump fucked the economy in 1 day. Dems are a joke. Conceptual analytics expert.","https://pbs.twimg.com/profile_images/1337941087105769472/pP2XedQJ_normal.jpg","Dump Trump…& Banish Muslims.","1196130378681143296","Max01144337","133","0","1469711581353230338","Sun Dec 12 05:41:45 +0000 2021","You better start tweeting cdc…the Pfizer vaccine is only maybe 20% effective against omicron. Stop downplaying this variant. &amp; they want 3 shots of Pfizer now instead of 2. Even with the 3 shots it’s 4x less effective. It’s not looking good. omicron will mutate again stronger",,,,,,,,,,,,,,,,,,,,,,,,,,,,,,,,,,,,,,,,,,,,,,,,,,,,,,,,,,,,,,,,,,,,,,,,,,,,,,,,,,,,,,,,,,,,,,,,,"146569971","0","7","CDC","CDCgov",,,,,,,,,,,,,,,,,,,,,"1469905291839954944","en","0",,,,,,,,,,,,,,,,,,,"0","0","0","active","@CDCgov You better start tweeting cdc…the Pfizer vaccine is only maybe 20% effective against omicron. Stop downplaying this variant. &amp; they want 3 shots of Pfizer now instead of 2. Even with the 3 shots it’s 4x less effective. It’s not looking good. omicron will mutate again stronger",
