"author/blue_verified","author/can_dm","author/description","author/image","author/name","author/rest_id","author/screen_name","author/sub_count","bookmarks","conversation_id","created_at","display_text","entities/hashtags/0/indices/0","entities/hashtags/0/indices/1","entities/hashtags/0/text","entities/hashtags/1/indices/0","entities/hashtags/1/indices/1","entities/hashtags/1/text","entities/hashtags/2/indices/0","entities/hashtags/2/indices/1","entities/hashtags/2/text","entities/media/0/additional_media_info/monetizable","entities/media/0/display_url","entities/media/0/expanded_url","entities/media/0/ext_alt_text","entities/media/0/ext_media_availability/status","entities/media/0/features/large/faces/0/h","entities/media/0/features/large/faces/0/w","entities/media/0/features/large/faces/0/x","entities/media/0/features/large/faces/0/y","entities/media/0/features/large/faces/1/h","entities/media/0/features/large/faces/1/w","entities/media/0/features/large/faces/1/x","entities/media/0/features/large/faces/1/y","entities/media/0/features/medium/faces/0/h","entities/media/0/features/medium/faces/0/w","entities/media/0/features/medium/faces/0/x","entities/media/0/features/medium/faces/0/y","entities/media/0/features/medium/faces/1/h","entities/media/0/features/medium/faces/1/w","entities/media/0/features/medium/faces/1/x","entities/media/0/features/medium/faces/1/y","entities/media/0/features/orig/faces/0/h","entities/media/0/features/orig/faces/0/w","entities/media/0/features/orig/faces/0/x","entities/media/0/features/orig/faces/0/y","entities/media/0/features/orig/faces/1/h","entities/media/0/features/orig/faces/1/w","entities/media/0/features/orig/faces/1/x","entities/media/0/features/orig/faces/1/y","entities/media/0/features/small/faces/0/h","entities/media/0/features/small/faces/0/w","entities/media/0/features/small/faces/0/x","entities/media/0/features/small/faces/0/y","entities/media/0/features/small/faces/1/h","entities/media/0/features/small/faces/1/w","entities/media/0/features/small/faces/1/x","entities/media/0/features/small/faces/1/y","entities/media/0/id_str","entities/media/0/indices/0","entities/media/0/indices/1","entities/media/0/media_key","entities/media/0/media_results/result/media_key","entities/media/0/media_url_https","entities/media/0/original_info/focus_rects/0/h","entities/media/0/original_info/focus_rects/0/w","entities/media/0/original_info/focus_rects/0/x","entities/media/0/original_info/focus_rects/0/y","entities/media/0/original_info/focus_rects/1/h","entities/media/0/original_info/focus_rects/1/w","entities/media/0/original_info/focus_rects/1/x","entities/media/0/original_info/focus_rects/1/y","entities/media/0/original_info/focus_rects/2/h","entities/media/0/original_info/focus_rects/2/w","entities/media/0/original_info/focus_rects/2/x","entities/media/0/original_info/focus_rects/2/y","entities/media/0/original_info/focus_rects/3/h","entities/media/0/original_info/focus_rects/3/w","entities/media/0/original_info/focus_rects/3/x","entities/media/0/original_info/focus_rects/3/y","entities/media/0/original_info/focus_rects/4/h","entities/media/0/original_info/focus_rects/4/w","entities/media/0/original_info/focus_rects/4/x","entities/media/0/original_info/focus_rects/4/y","entities/media/0/original_info/height","entities/media/0/original_info/width","entities/media/0/sizes/large/h","entities/media/0/sizes/large/resize","entities/media/0/sizes/large/w","entities/media/0/sizes/medium/h","entities/media/0/sizes/medium/resize","entities/media/0/sizes/medium/w","entities/media/0/sizes/small/h","entities/media/0/sizes/small/resize","entities/media/0/sizes/small/w","entities/media/0/sizes/thumb/h","entities/media/0/sizes/thumb/resize","entities/media/0/sizes/thumb/w","entities/media/0/type","entities/media/0/url","entities/media/0/video_info/aspect_ratio/0","entities/media/0/video_info/aspect_ratio/1","entities/media/0/video_info/duration_millis","entities/media/0/video_info/variants/0/bitrate","entities/media/0/video_info/variants/0/content_type","entities/media/0/video_info/variants/0/url","entities/media/0/video_info/variants/1/bitrate","entities/media/0/video_info/variants/1/content_type","entities/media/0/video_info/variants/1/url","entities/media/0/video_info/variants/2/bitrate","entities/media/0/video_info/variants/2/content_type","entities/media/0/video_info/variants/2/url","entities/media/0/video_info/variants/3/bitrate","entities/media/0/video_info/variants/3/content_type","entities/media/0/video_info/variants/3/url","entities/media/1/additional_media_info/monetizable","entities/media/1/display_url","entities/media/1/expanded_url","entities/media/1/ext_alt_text","entities/media/1/ext_media_availability/status","entities/media/1/features/large/faces/0/h","entities/media/1/features/large/faces/0/w","entities/media/1/features/large/faces/0/x","entities/media/1/features/large/faces/0/y","entities/media/1/features/large/faces/1/h","entities/media/1/features/large/faces/1/w","entities/media/1/features/large/faces/1/x","entities/media/1/features/large/faces/1/y","entities/media/1/features/medium/faces/0/h","entities/media/1/features/medium/faces/0/w","entities/media/1/features/medium/faces/0/x","entities/media/1/features/medium/faces/0/y","entities/media/1/features/medium/faces/1/h","entities/media/1/features/medium/faces/1/w","entities/media/1/features/medium/faces/1/x","entities/media/1/features/medium/faces/1/y","entities/media/1/features/orig/faces/0/h","entities/media/1/features/orig/faces/0/w","entities/media/1/features/orig/faces/0/x","entities/media/1/features/orig/faces/0/y","entities/media/1/features/orig/faces/1/h","entities/media/1/features/orig/faces/1/w","entities/media/1/features/orig/faces/1/x","entities/media/1/features/orig/faces/1/y","entities/media/1/features/small/faces/0/h","entities/media/1/features/small/faces/0/w","entities/media/1/features/small/faces/0/x","entities/media/1/features/small/faces/0/y","entities/media/1/features/small/faces/1/h","entities/media/1/features/small/faces/1/w","entities/media/1/features/small/faces/1/x","entities/media/1/features/small/faces/1/y","entities/media/1/id_str","entities/media/1/indices/0","entities/media/1/indices/1","entities/media/1/media_key","entities/media/1/media_results/result/media_key","entities/media/1/media_url_https","entities/media/1/original_info/focus_rects/0/h","entities/media/1/original_info/focus_rects/0/w","entities/media/1/original_info/focus_rects/0/x","entities/media/1/original_info/focus_rects/0/y","entities/media/1/original_info/focus_rects/1/h","entities/media/1/original_info/focus_rects/1/w","entities/media/1/original_info/focus_rects/1/x","entities/media/1/original_info/focus_rects/1/y","entities/media/1/original_info/focus_rects/2/h","entities/media/1/original_info/focus_rects/2/w","entities/media/1/original_info/focus_rects/2/x","entities/media/1/original_info/focus_rects/2/y","entities/media/1/original_info/focus_rects/3/h","entities/media/1/original_info/focus_rects/3/w","entities/media/1/original_info/focus_rects/3/x","entities/media/1/original_info/focus_rects/3/y","entities/media/1/original_info/focus_rects/4/h","entities/media/1/original_info/focus_rects/4/w","entities/media/1/original_info/focus_rects/4/x","entities/media/1/original_info/focus_rects/4/y","entities/media/1/original_info/height","entities/media/1/original_info/width","entities/media/1/sizes/large/h","entities/media/1/sizes/large/resize","entities/media/1/sizes/large/w","entities/media/1/sizes/medium/h","entities/media/1/sizes/medium/resize","entities/media/1/sizes/medium/w","entities/media/1/sizes/small/h","entities/media/1/sizes/small/resize","entities/media/1/sizes/small/w","entities/media/1/sizes/thumb/h","entities/media/1/sizes/thumb/resize","entities/media/1/sizes/thumb/w","entities/media/1/type","entities/media/1/url","entities/media/1/video_info/aspect_ratio/0","entities/media/1/video_info/aspect_ratio/1","entities/media/1/video_info/duration_millis","entities/media/1/video_info/variants/0/bitrate","entities/media/1/video_info/variants/0/content_type","entities/media/1/video_info/variants/0/url","entities/media/1/video_info/variants/1/bitrate","entities/media/1/video_info/variants/1/content_type","entities/media/1/video_info/variants/1/url","entities/media/1/video_info/variants/2/bitrate","entities/media/1/video_info/variants/2/content_type","entities/media/1/video_info/variants/2/url","entities/media/1/video_info/variants/3/bitrate","entities/media/1/video_info/variants/3/content_type","entities/media/1/video_info/variants/3/url","entities/urls/0/display_url","entities/urls/0/expanded_url","entities/urls/0/indices/0","entities/urls/0/indices/1","entities/urls/0/url","entities/user_mentions/0/id_str","entities/user_mentions/0/indices/0","entities/user_mentions/0/indices/1","entities/user_mentions/0/name","entities/user_mentions/0/screen_name","entities/user_mentions/1/id_str","entities/user_mentions/1/indices/0","entities/user_mentions/1/indices/1","entities/user_mentions/1/name","entities/user_mentions/1/screen_name","entities/user_mentions/2/id_str","entities/user_mentions/2/indices/0","entities/user_mentions/2/indices/1","entities/user_mentions/2/name","entities/user_mentions/2/screen_name","entities/user_mentions/3/id_str","entities/user_mentions/3/indices/0","entities/user_mentions/3/indices/1","entities/user_mentions/3/name","entities/user_mentions/3/screen_name","entities/user_mentions/4/id_str","entities/user_mentions/4/indices/0","entities/user_mentions/4/indices/1","entities/user_mentions/4/name","entities/user_mentions/4/screen_name","entities/user_mentions/5/id_str","entities/user_mentions/5/indices/0","entities/user_mentions/5/indices/1","entities/user_mentions/5/name","entities/user_mentions/5/screen_name","id","lang","likes","media/photo/0/id","media/photo/0/media_url_https","media/photo/1/id","media/photo/1/media_url_https","media/video/0/aspect_ratio/0","media/video/0/aspect_ratio/1","media/video/0/duration","media/video/0/id","media/video/0/media_url_https","media/video/0/original_info/height","media/video/0/original_info/width","media/video/0/variants/0/bitrate","media/video/0/variants/0/content_type","media/video/0/variants/0/url","media/video/0/variants/1/bitrate","media/video/0/variants/1/content_type","media/video/0/variants/1/url","media/video/0/variants/2/bitrate","media/video/0/variants/2/content_type","media/video/0/variants/2/url","media/video/0/variants/3/bitrate","media/video/0/variants/3/content_type","media/video/0/variants/3/url","place/country","place/country_code","place/full_name","place/more_data_url","place/name","place/place_type","quotes","replies","retweets","status","text","views"
"false","true","LINK BELOW👇🏻 to order your Trump 2020 & MAGA masks! MADE IN USA #ProtectYourselfWithPride #MAGA #MAGAmask #Trump2020mask #Trump2020 🇺🇸 IG: @trump2020masks","https://pbs.twimg.com/profile_images/1246906802937176073/A3Ma3bjz_normal.jpg","Trump 2020 Masks - Order Now 🇺🇸","1244467632516075526","Trump2020Masks","646","0","1257340333031120900","Mon May 04 16:04:59 +0000 2020","",,,,,,,,,,,"pic.x.com/M0Jz0UGppd","https://x.com/Trump2020Masks/status/1257340453692850176/photo/1",,"Available",,,,,,,,,,,,,,,,,,,,,,,,,,,,,,,,,"1257340449620197377","8","31","3_1257340449620197377","3_1257340449620197377","https://pbs.twimg.com/media/EXL4ei1XgAEHuii.jpg","512","914","55","0","512","512","256","0","512","449","288","0","512","256","384","0","512","1024","0","0","512","1024","512","fit","1024","512","fit","1024","340","fit","680","150","crop","150","photo","https://t.co/M0Jz0UGppd",,,,,,,,,,,,,,,,,,,,,,,,,,,,,,,,,,,,,,,,,,,,,,,,,,,,,,,,,,,,,,,,,,,,,,,,,,,,,,,,,,,,,,,,,,,,,,,,,,,,,,,,,,,,,,,,,,,"146569971","0","7","CDC","CDCgov",,,,,,,,,,,,,,,,,,,,,,,,,,"1257340453692850176","qme","16","1257340449620197377","https://pbs.twimg.com/media/EXL4ei1XgAEHuii.jpg",,,,,,,,,,,,,,,,,,,,,,,,,,,,"0","5","5","active","@CDCgov https://t.co/M0Jz0UGppd",
"false","false","","https://pbs.twimg.com/profile_images/1215385418314596352/ETe3pKLD_normal.jpg","Messenger girl","1215379886887428096","shalomegrace1","1458","0","1257340333031120900","Tue May 05 02:36:32 +0000 2020","#SaveKids Every baby should be nurtured and sheltered. Every child should be loved and protected. Any perpetrator should be persecuted and prosecuted. May the love of God guide us and strengthen us. (t grace)","16","25","SaveKids",,,,,,,,,,,,,,,,,,,,,,,,,,,,,,,,,,,,,,,,,,,,,,,,,,,,,,,,,,,,,,,,,,,,,,,,,,,,,,,,,,,,,,,,,,,,,,,,,,,,,,,,,,,,,,,,,,,,,,,,,,,,,,,,,,,,,,,,,,,,,,,,,,,,,,,,,,,,,,,,,,,,,,,,,,,,,,,,,,,,,,,,,,,,,,,,,,,,,,,,"146569971","0","7","CDC","CDCgov","1879651867288018944","8","15","First Lady Melania Trump","FLOTUS",,,,,,,,,,,,,,,,,,,,,"1257499391616847878","en","0",,,,,,,,,,,,,,,,,,,,,,,,,,,,,,"1","1","1","active","@CDCgov @FLOTUS #SaveKids Every baby should be nurtured and sheltered. Every child should be loved and protected. Any perpetrator should be persecuted and prosecuted. May the love of God guide us and strengthen us. (t grace)",
"false","false","#RFKJR2024 Christian Vegan Cynic Pessimist Proud “Anti-Vaxxer” Justice Seeker Deep Thinker The US government is corrupt. We are funding our own demise. WAKE UP!","https://pbs.twimg.com/profile_images/2062221968884039680/JnkRosiM_normal.jpg","Hope","344772996","Jack_Shih_tzu","1875","0","1257340333031120900","Tue May 05 00:10:44 +0000 2020","https://t.co/VKLHcVLZon",,,,,,,,,,,,,,,,,,,,,,,,,,,,,,,,,,,,,,,,,,,,,,,,,,,,,,,,,,,,,,,,,,,,,,,,,,,,,,,,,,,,,,,,,,,,,,,,,,,,,,,,,,,,,,,,,,,,,,,,,,,,,,,,,,,,,,,,,,,,,,,,,,,,,,,,,,,,,,,,,,,,,,,,,,,,,,,,,,,,,,,,,,,,,,,,,,,,,,"childrenshealthdefense.org/cdc-who/","https://childrenshealthdefense.org/cdc-who/","16","39","https://t.co/VKLHcVLZon","146569971","0","7","CDC","CDCgov","1879651867288018944","8","15","First Lady Melania Trump","FLOTUS",,,,,,,,,,,,,,,,,,,,,"1257462696733224962","qme","3",,,,,,,,,,,,,,,,,,,,,,,,,,,,,,"0","0","3","active","@CDCgov @FLOTUS https://t.co/VKLHcVLZon",
"false","false","Comedian. Misfit. Check out my Book, Podcast, and Shows. “Fierce figures….the beautiful Lauren LoGiudice” — NEW YORK TIMES","https://pbs.twimg.com/profile_images/1800588815716773888/geYMZsAf_normal.jpg","Lauren LoGiudice","75897974","laurenlogi","3903","0","1257340333031120900","Mon May 04 23:56:29 +0000 2020","“I can avoid Donald but I can not escape his fart cloud.” —XO💋Melania

cc https://t.co/JkLbOH5Oxg",,,,,,,,,,"false","pic.x.com/oz7V83GKvD","https://x.com/laurenlogi/status/1257459112985714688/video/1",,"Available",,,,,,,,,,,,,,,,,,,,,,,,,,,,,,,,,"1257458959855824897","114","137","7_1257458959855824897","7_1257458959855824897","https://pbs.twimg.com/ext_tw_video_thumb/1257458959855824897/pu/img/XyR0nGoIYwmCJSMr.jpg",,,,,,,,,,,,,,,,,,,,,"1280","720","1280","fit","720","1200","fit","675","680","fit","383","150","crop","150","video","https://t.co/oz7V83GKvD","9","16","10033",,"application/x-mpegURL","https://video.twimg.com/ext_tw_video/1257458959855824897/pu/pl/quO7W3fuLCvVPVYN.m3u8?tag=10","632000","video/mp4","https://video.twimg.com/ext_tw_video/1257458959855824897/pu/vid/320x568/6medW0TwR_v4KjtR.mp4?tag=10","832000","video/mp4","https://video.twimg.com/ext_tw_video/1257458959855824897/pu/vid/360x640/L9YhA8IZcmkzInOZ.mp4?tag=10","2176000","video/mp4","https://video.twimg.com/ext_tw_video/1257458959855824897/pu/vid/720x1280/EFMZuQtYAzXGzZOe.mp4?tag=10",,,,,,,,,,,,,,,,,,,,,,,,,,,,,,,,,,,,,,,,,,,,,,,,,,,,,,,,,,,,,,,,,,,,,,,,,,,,,,,,,,,,,,,,,,,,,,,"instagram.com/flotusofficial","http://www.instagram.com/flotusofficial","90","113","https://t.co/JkLbOH5Oxg","146569971","0","7","CDC","CDCgov","1879651867288018944","8","15","First Lady Melania Trump","FLOTUS",,,,,,,,,,,,,,,,,,,,,"1257459112985714688","en","2",,,,,"9","16","10033","1257458959855824897","https://pbs.twimg.com/ext_tw_video_thumb/1257458959855824897/pu/img/XyR0nGoIYwmCJSMr.jpg","1280","720",,"application/x-mpegURL","https://video.twimg.com/ext_tw_video/1257458959855824897/pu/pl/quO7W3fuLCvVPVYN.m3u8?tag=10","632000","video/mp4","https://video.twimg.com/ext_tw_video/1257458959855824897/pu/vid/320x568/6medW0TwR_v4KjtR.mp4?tag=10","832000","video/mp4","https://video.twimg.com/ext_tw_video/1257458959855824897/pu/vid/360x640/L9YhA8IZcmkzInOZ.mp4?tag=10","2176000","video/mp4","https://video.twimg.com/ext_tw_video/1257458959855824897/pu/vid/720x1280/EFMZuQtYAzXGzZOe.mp4?tag=10",,,,,,,"0","0","2","active","@CDCgov @FLOTUS “I can avoid Donald but I can not escape his fart cloud.” —XO💋Melania

cc https://t.co/JkLbOH5Oxg https://t.co/oz7V83GKvD",
"false","false","Orwell was a prophet. Likes and Retweets are pretty much endorsement and agreement.","https://pbs.twimg.com/profile_images/873524551136575489/oyqGehKE_normal.jpg","On A Wire","815442462856515584","powcruzer1","256","0","1257340333031120900","Mon May 04 16:46:43 +0000 2020","Done staying at home but thanks.",,,,,,,,,,,,,,,,,,,,,,,,,,,,,,,,,,,,,,,,,,,,,,,,,,,,,,,,,,,,,,,,,,,,,,,,,,,,,,,,,,,,,,,,,,,,,,,,,,,,,,,,,,,,,,,,,,,,,,,,,,,,,,,,,,,,,,,,,,,,,,,,,,,,,,,,,,,,,,,,,,,,,,,,,,,,,,,,,,,,,,,,,,,,,,,,,,,,,,,,,,,"146569971","0","7","CDC","CDCgov",,,,,,,,,,,,,,,,,,,,,,,,,,"1257350956766900224","en","7",,,,,,,,,,,,,,,,,,,,,,,,,,,,,,"0","1","0","active","@CDCgov Done staying at home but thanks.",
"false","true","CHOSEN
AlexandriJAH","https://pbs.twimg.com/profile_images/1973353063260753920/VWfG0fM8_normal.jpg","Alexandria Huckaby","1237927974810324992","alyxx1969_curry","322","0","1257340333031120900","Tue May 05 00:18:24 +0000 2020","Anyone ever consider covid morbidity greater in adults is because we have been consuming fda approved poisons for much longer...similar train of thought why pedovores prefer children.",,,,,,,,,,,,,,,,,,,,,,,,,,,,,,,,,,,,,,,,,,,,,,,,,,,,,,,,,,,,,,,,,,,,,,,,,,,,,,,,,,,,,,,,,,,,,,,,,,,,,,,,,,,,,,,,,,,,,,,,,,,,,,,,,,,,,,,,,,,,,,,,,,,,,,,,,,,,,,,,,,,,,,,,,,,,,,,,,,,,,,,,,,,,,,,,,,,,,,,,,,,"146569971","0","7","CDC","CDCgov","1879651867288018944","8","15","First Lady Melania Trump","FLOTUS",,,,,,,,,,,,,,,,,,,,,"1257464629896384512","en","2",,,,,,,,,,,,,,,,,,,,,,,,,,,,,,"0","0","1","active","@CDCgov @FLOTUS Anyone ever consider covid morbidity greater in adults is because we have been consuming fda approved poisons for much longer...similar train of thought why pedovores prefer children.",
"true","false","Rachel Foley former UAW attorney.. The choice of a lawyer is an important decision & shouldn't be based solely upon advertisements.","https://pbs.twimg.com/profile_images/1969745298919510016/2f3ZUd_k_normal.jpg","KC Bankruptcy BSRT RRT JD - Humanity ALWAYS wins!","13920982","kcbankruptcy","1840","0","1257340333031120900","Mon May 04 16:09:12 +0000 2020","@CDCgov is telling us to stay home @GovParsonMO @mikeparson @FirstLadyTeresa",,,,,,,,,,,,,,,,,,,,,,,,,,,,,,,,,,,,,,,,,,,,,,,,,,,,,,,,,,,,,,,,,,,,,,,,,,,,,,,,,,,,,,,,,,,,,,,,,,,,,,,,,,,,,,,,,,,,,,,,,,,,,,,,,,,,,,,,,,,,,,,,,,,,,,,,,,,,,,,,,,,,,,,,,,,,,,,,,,,,,,,,,,,,,,,,,,,,,,,,,,,"146569971","0","7","CDC","CDCgov","146569971","8","15","CDC","CDCgov","74522684","56","67","Mike Parson","mikeparson","1009482740545343488","68","84","First Lady Teresa Parson","FirstLadyTeresa",,,,,,,,,,,"1257341516760133632","en","0",,,,,,,,,,,,,,,,,,,,,,,,,,,,,,"0","0","0","active","@CDCgov @CDCgov is telling us to stay home @GovParsonMO @mikeparson @FirstLadyTeresa",
"false","false","J.D. adept at decoding #MAGA pretzel logic. #NeverTrump. Find me over at Blue sky @ChristianneQ & leave theTwitter cesspool of right wing bullshit lies","https://pbs.twimg.com/profile_images/1725186602366799873/M6MjFZwE_normal.jpg","PhillyPretzel Beer/Cheese/Mustard","1125029594577371138","ChristianneQ","3218","0","1257340333031120900","Mon May 04 16:05:41 +0000 2020","I suppose @realDonaldTrump would consider this news to be #FAKENEWS as would #FOXNEWS.","66","75","FAKENEWS","85","93","FOXNEWS",,,,,,,,,,,,,,,,,,,,,,,,,,,,,,,,,,,,,,,,,,,,,,,,,,,,,,,,,,,,,,,,,,,,,,,,,,,,,,,,,,,,,,,,,,,,,,,,,,,,,,,,,,,,,,,,,,,,,,,,,,,,,,,,,,,,,,,,,,,,,,,,,,,,,,,,,,,,,,,,,,,,,,,,,,,,,,,,,,,,,,,,,,,,,,,,,,,,,"146569971","0","7","CDC","CDCgov","25073877","18","34","Donald J. Trump","realDonaldTrump",,,,,,,,,,,,,,,,,,,,,"1257340629706825729","en","1",,,,,,,,,,,,,,,,,,,,,,,,,,,,,,"0","0","0","active","@CDCgov I suppose @realDonaldTrump would consider this news to be #FAKENEWS as would #FOXNEWS.",
"false","true","#Resist, #TheResistance, #FBR, #AntiTrump, #AntiRepublikkkan, #AssaultWeaponsBan, #GunControlNow, & Pro-America! Will follow resisters that follow me. No DM’s🖖","https://pbs.twimg.com/profile_images/1146261416019681280/_89uvPm3_normal.jpg","socialjusticeinamerica.tumblr.com 🇺🇦🇨🇦","1137872047693094914","socialjusticei5","6796","0","1257340333031120900","Tue May 05 04:44:43 +0000 2020","",,,,,,,,,,,"pic.x.com/0XS1O5zcxi","https://x.com/socialjusticei5/status/1257531647278317568/photo/1",,"Available","348","348","246","1208",,,,,"203","203","144","707",,,,,"348","348","246","1208",,,,,"115","115","81","401",,,,,"1257531636306059264","16","39","3_1257531636306059264","3_1257531636306059264","https://pbs.twimg.com/media/EXOmXEvWoAABfke.jpg","894","1596","0","0","1596","1596","0","0","1819","1596","0","0","2048","1024","51","0","2048","1596","0","0","2048","1596","2048","fit","1596","1200","fit","935","680","fit","530","150","crop","150","photo","https://t.co/0XS1O5zcxi",,,,,,,,,,,,,,,,,"pic.x.com/0XS1O5zcxi","https://x.com/socialjusticei5/status/1257531647278317568/photo/1",,"Available","192","192","1453","263","324","324","286","194","124","124","944","170","210","210","185","126","192","192","1453","263","324","324","286","194","70","70","535","96","119","119","105","71","1257531636641673216","16","39","3_1257531636641673216","3_1257531636641673216","https://pbs.twimg.com/media/EXOmXF_XsAAKHgT.jpg","1034","1846","0","140","1174","1174","0","0","1174","1030","0","0","1174","587","121","0","1174","1846","0","0","1174","1846","1174","fit","1846","763","fit","1200","432","fit","680","150","crop","150","photo","https://t.co/0XS1O5zcxi",,,,,,,,,,,,,,,,,,,,,"146569971","0","7","CDC","CDCgov","1879651867288018944","8","15","First Lady Melania Trump","FLOTUS",,,,,,,,,,,,,,,,,,,,,"1257531647278317568","qme","0","1257531636306059264","https://pbs.twimg.com/media/EXOmXEvWoAABfke.jpg","1257531636641673216","https://pbs.twimg.com/media/EXOmXF_XsAAKHgT.jpg",,,,,,,,,,,,,,,,,,,,,,,,,,"0","0","0","active","@CDCgov @FLOTUS https://t.co/0XS1O5zcxi",
"false","false","“The gates of hell shall NOT prevail” 🙌Intercessor🔥⚔️🦅USAF Veteran🇺🇸@KabodFire on TruthSocial","https://pbs.twimg.com/profile_images/875734924321595392/PZIdCJxn_normal.jpg","✝️🔥Ruach Elohim sealed🔥✝️","727181540606746625","Cheridr77","3404","0","1257340333031120900","Tue May 05 01:03:06 +0000 2020","Common sense for any flu or virus. If sick stay home till well again.  The rest of population...carry on with life. Be free of the hype, the pushing of fear, panic. Think for yourselves people. I appreciate you FLOTUS Melania. God bless you.",,,,,,,,,,,,,,,,,,,,,,,,,,,,,,,,,,,,,,,,,,,,,,,,,,,,,,,,,,,,,,,,,,,,,,,,,,,,,,,,,,,,,,,,,,,,,,,,,,,,,,,,,,,,,,,,,,,,,,,,,,,,,,,,,,,,,,,,,,,,,,,,,,,,,,,,,,,,,,,,,,,,,,,,,,,,,,,,,,,,,,,,,,,,,,,,,,,,,,,,,,,"146569971","0","7","CDC","CDCgov","1879651867288018944","8","15","First Lady Melania Trump","FLOTUS",,,,,,,,,,,,,,,,,,,,,"1257475876637347841","en","0",,,,,,,,,,,,,,,,,,,,,,,,,,,,,,"0","0","0","active","@CDCgov @FLOTUS Common sense for any flu or virus. If sick stay home till well again.  The rest of population...carry on with life. Be free of the hype, the pushing of fear, panic. Think for yourselves people. I appreciate you FLOTUS Melania. God bless you.",
"false","true","#Resister🌊
#FBR🌊
#Democrat🌊
#VoteBlue🌊
#BlueWave🌊
#BidenHarris🌊
#VoteBlue🌊
#BLM🌊
#FuckTrump
#FuckMAGA","https://pbs.twimg.com/profile_images/799734821471731713/4BnI7Sdp_normal.jpg","🌊🌊🌊TheOracle🌊🌊🌊","3187262269","jordaneskXXIII","2444","0","1257340333031120900","Tue May 05 03:18:55 +0000 2020","",,,,,,,,,,"false","pic.x.com/emtjgZsEzb","https://x.com/jordaneskXXIII/status/1257510058151247872/video/1",,"Available",,,,,,,,,,,,,,,,,,,,,,,,,,,,,,,,,"1257509925732958209","8","31","7_1257509925732958209","7_1257509925732958209","https://pbs.twimg.com/ext_tw_video_thumb/1257509925732958209/pu/img/IKzs5vxkaPVvZ52j.jpg",,,,,,,,,,,,,,,,,,,,,"720","1280","720","fit","1280","675","fit","1200","383","fit","680","150","crop","150","video","https://t.co/emtjgZsEzb","16","9","9932",,"application/x-mpegURL","https://video.twimg.com/ext_tw_video/1257509925732958209/pu/pl/oQws0nNj82Zr028e.m3u8?tag=10","256000","video/mp4","https://video.twimg.com/ext_tw_video/1257509925732958209/pu/vid/480x270/v11n2JZtvaxwg1ep.mp4?tag=10","832000","video/mp4","https://video.twimg.com/ext_tw_video/1257509925732958209/pu/vid/640x360/bZOHCjaBzBWdWuXE.mp4?tag=10","2176000","video/mp4","https://video.twimg.com/ext_tw_video/1257509925732958209/pu/vid/1280x720/pjGFoqyUL_4kLN--.mp4?tag=10",,,,,,,,,,,,,,,,,,,,,,,,,,,,,,,,,,,,,,,,,,,,,,,,,,,,,,,,,,,,,,,,,,,,,,,,,,,,,,,,,,,,,,,,,,,,,,,,,,,,"146569971","0","7","CDC","CDCgov",,,,,,,,,,,,,,,,,,,,,,,,,,"1257510058151247872","qme","0",,,,,"16","9","9932","1257509925732958209","https://pbs.twimg.com/ext_tw_video_thumb/1257509925732958209/pu/img/IKzs5vxkaPVvZ52j.jpg","720","1280",,"application/x-mpegURL","https://video.twimg.com/ext_tw_video/1257509925732958209/pu/pl/oQws0nNj82Zr028e.m3u8?tag=10","256000","video/mp4","https://video.twimg.com/ext_tw_video/1257509925732958209/pu/vid/480x270/v11n2JZtvaxwg1ep.mp4?tag=10","832000","video/mp4","https://video.twimg.com/ext_tw_video/1257509925732958209/pu/vid/640x360/bZOHCjaBzBWdWuXE.mp4?tag=10","2176000","video/mp4","https://video.twimg.com/ext_tw_video/1257509925732958209/pu/vid/1280x720/pjGFoqyUL_4kLN--.mp4?tag=10",,,,,,,"0","0","0","active","@CDCgov https://t.co/emtjgZsEzb",
"false","false","Mostly protest liars and fools, point out bad things, w/ tasteless and sometimes flawed comments for flavoring. I stand with Ukraine and the USA against Russia.","https://pbs.twimg.com/profile_images/738464822543540224/xxhvHbXN_normal.jpg","Mr.Quagmire","738464073507966976","Mr_Quagmire_USA","284","0","1257340333031120900","Tue May 05 14:33:16 +0000 2020",".

                         Trump's Coronavirus ""hoax"" lies 

                         sped the death toll past 70,000

                          and led to 35 Million Lost Jobs

.",,,,,,,,,,,"pic.x.com/jLmY4wdTlZ","https://x.com/Mr_Quagmire_USA/status/1257679761683501059/photo/1",,"Available","297","297","323","16",,,,,"297","297","323","16",,,,,"297","297","323","16",,,,,"254","254","276","13",,,,,"1257678166748995586","197","220","3_1257678166748995586","3_1257678166748995586","https://pbs.twimg.com/media/EXQroRLWoAIUm7x.jpg","444","793","0","0","500","500","126","0","500","439","157","0","500","250","251","0","500","793","0","0","500","793","500","fit","793","500","fit","793","429","fit","680","150","crop","150","photo","https://t.co/jLmY4wdTlZ",,,,,,,,,,,,,,,,,,,,,,,,,,,,,,,,,,,,,,,,,,,,,,,,,,,,,,,,,,,,,,,,,,,,,,,,,,,,,,,,,,,,,,,,,,,,,,,,,,,,,,,,,,,,,,,,,,,"146569971","0","7","CDC","CDCgov","1879651867288018944","8","15","First Lady Melania Trump","FLOTUS",,,,,,,,,,,,,,,,,,,,,"1257679761683501059","en","0","1257678166748995586","https://pbs.twimg.com/media/EXQroRLWoAIUm7x.jpg",,,,,,,,,,,,,,,,,,,,,,,,,,,,"0","0","0","active","@CDCgov @FLOTUS .

                         Trump's Coronavirus ""hoax"" lies 

                         sped the death toll past 70,000

                          and led to 35 Million Lost Jobs

. https://t.co/jLmY4wdTlZ",
"false","false","That Colorado guy. Artist. Love cats, have three of them. Plants, all of our sunny windows are each a jungle. Fingerstyle guitarist. Lifelong Democrat.","https://pbs.twimg.com/profile_images/1246818725308686345/SxWYc2d4_normal.jpg","elseagee 🟧 🌊 🌊 🌊🎨 🎸","1183834876924948480","elseagee","11121","0","1257340333031120900","Tue May 05 17:38:37 +0000 2020","I see, so do as you do with Donny? ""Yes, eye stay dis-ant from mine hooz-ban, Dough knee. If he get clothes two me, yes, eye wash mine hands ebery ting, dawn knee berry berry dirt tea. Tank ewe, tank me.""",,,,,,,,,,,,,,,,,,,,,,,,,,,,,,,,,,,,,,,,,,,,,,,,,,,,,,,,,,,,,,,,,,,,,,,,,,,,,,,,,,,,,,,,,,,,,,,,,,,,,,,,,,,,,,,,,,,,,,,,,,,,,,,,,,,,,,,,,,,,,,,,,,,,,,,,,,,,,,,,,,,,,,,,,,,,,,,,,,,,,,,,,,,,,,,,,,,,,,,,,,,"146569971","0","7","CDC","CDCgov","1879651867288018944","8","15","First Lady Melania Trump","FLOTUS",,,,,,,,,,,,,,,,,,,,,"1257726408056401921","en","0",,,,,,,,,,,,,,,,,,,,,,,,,,,,,,"0","0","0","active","@CDCgov @FLOTUS I see, so do as you do with Donny? ""Yes, eye stay dis-ant from mine hooz-ban, Dough knee. If he get clothes two me, yes, eye wash mine hands ebery ting, dawn knee berry berry dirt tea. Tank ewe, tank me.""",
"false","true","~ Rani City Viking ~ Hipster ~ Mandala Enterprises ~ SAG AFTRA ~ Red Boots Music ~ Deal With it Records","https://pbs.twimg.com/profile_images/1945341455620308992/DV1LZSek_normal.jpg","k.law.1","77937525","Misty_Muse","394","0","1257340333031120900","Tue May 05 01:41:35 +0000 2020","sometimes at the 99¢ store people stand right behind me ignoring the store's notices of 6 ft apart. #SocialDistanacing not working at @99Only","116","134","SocialDistanacing",,,,,,,,,,,,,,,,,,,,,,,,,,,,,,,,,,,,,,,,,,,,,,,,,,,,,,,,,,,,,,,,,,,,,,,,,,,,,,,,,,,,,,,,,,,,,,,,,,,,,,,,,,,,,,,,,,,,,,,,,,,,,,,,,,,,,,,,,,,,,,,,,,,,,,,,,,,,,,,,,,,,,,,,,,,,,,,,,,,,,,,,,,,,,,,,,,,,,,,,"146569971","0","7","CDC","CDCgov","1879651867288018944","8","15","First Lady Melania Trump","FLOTUS","3269229217","150","157","99Only","99Only",,,,,,,,,,,,,,,,"1257485560676941824","en","0",,,,,,,,,,,,,,,,,,,,,,,,,,,,,,"0","1","0","active","@CDCgov @FLOTUS sometimes at the 99¢ store people stand right behind me ignoring the store's notices of 6 ft apart. #SocialDistanacing not working at @99Only",
"false","true","Full of dread in the deep red!!!
#NeverTrump","https://pbs.twimg.com/profile_images/1670267105395060736/716OvatR_normal.jpg","Whorin Sloebert","261985925","tiffcon1","1122","0","1257340333031120900","Mon May 04 16:14:25 +0000 2020","But, I thought we were good to go back to work?! 🤷‍♀️",,,,,,,,,,,,,,,,,,,,,,,,,,,,,,,,,,,,,,,,,,,,,,,,,,,,,,,,,,,,,,,,,,,,,,,,,,,,,,,,,,,,,,,,,,,,,,,,,,,,,,,,,,,,,,,,,,,,,,,,,,,,,,,,,,,,,,,,,,,,,,,,,,,,,,,,,,,,,,,,,,,,,,,,,,,,,,,,,,,,,,,,,,,,,,,,,,,,,,,,,,,"146569971","0","7","CDC","CDCgov",,,,,,,,,,,,,,,,,,,,,,,,,,"1257342829543804928","en","0",,,,,,,,,,,,,,,,,,,,,,,,,,,,,,"0","0","0","active","@CDCgov But, I thought we were good to go back to work?! 🤷‍♀️",
"false","false","simply it is how to be healthy and what factors are responsible.curious to know everything","https://pbs.twimg.com/profile_images/1256930124651466752/MovAW3DI_normal.jpg","Vishal Ahalawat","1256887135845613568","VishalAhalawat7","10","0","1257340333031120900","Mon May 04 16:24:05 +0000 2020","Comorbidity is one the one reason of death toll",,,,,,,,,,,,,,,,,,,,,,,,,,,,,,,,,,,,,,,,,,,,,,,,,,,,,,,,,,,,,,,,,,,,,,,,,,,,,,,,,,,,,,,,,,,,,,,,,,,,,,,,,,,,,,,,,,,,,,,,,,,,,,,,,,,,,,,,,,,,,,,,,,,,,,,,,,,,,,,,,,,,,,,,,,,,,,,,,,,,,,,,,,,,,,,,,,,,,,,,,,,"146569971","0","7","CDC","CDCgov",,,,,,,,,,,,,,,,,,,,,,,,,,"1257345263204794368","en","0",,,,,,,,,,,,,,,,,,,,,,,,,,,,,,"0","0","0","active","@CDCgov Comorbidity is one the one reason of death toll",
"false","false","What","https://abs.twimg.com/sticky/default_profile_images/default_profile_normal.png","Elizabeth","1258144032229900288","Elizabe19492644","0","0","1257340333031120900","Wed May 06 21:44:47 +0000 2020","We have heard o, stay home stay home without food and money",,,,,,,,,,,,,,,,,,,,,,,,,,,,,,,,,,,,,,,,,,,,,,,,,,,,,,,,,,,,,,,,,,,,,,,,,,,,,,,,,,,,,,,,,,,,,,,,,,,,,,,,,,,,,,,,,,,,,,,,,,,,,,,,,,,,,,,,,,,,,,,,,,,,,,,,,,,,,,,,,,,,,,,,,,,,,,,,,,,,,,,,,,,,,,,,,,,,,,,,,,,"146569971","0","7","CDC","CDCgov","1879651867288018944","8","15","First Lady Melania Trump","FLOTUS",,,,,,,,,,,,,,,,,,,,,"1258150743615422469","en","0",,,,,,,,,,,,,,,,,,,,,,,,,,,,,,"0","0","0","active","@CDCgov @FLOTUS We have heard o, stay home stay home without food and money",
"false","false","Sore from always pinching myself","https://pbs.twimg.com/profile_images/1253501676595679232/qzBhEF4M_normal.jpg","StanNaxos","1253500933058834432","NaxosStan","1","0","1257340333031120900","Wed May 06 19:56:07 +0000 2020","Typo:   Your husband does not want you to stay home.",,,,,,,,,,,,,,,,,,,,,,,,,,,,,,,,,,,,,,,,,,,,,,,,,,,,,,,,,,,,,,,,,,,,,,,,,,,,,,,,,,,,,,,,,,,,,,,,,,,,,,,,,,,,,,,,,,,,,,,,,,,,,,,,,,,,,,,,,,,,,,,,,,,,,,,,,,,,,,,,,,,,,,,,,,,,,,,,,,,,,,,,,,,,,,,,,,,,,,,,,,,"146569971","0","7","CDC","CDCgov","1879651867288018944","8","15","First Lady Melania Trump","FLOTUS",,,,,,,,,,,,,,,,,,,,,"1258123396820451328","en","0",,,,,,,,,,,,,,,,,,,,,,,,,,,,,,"0","0","0","active","@CDCgov @FLOTUS Typo:   Your husband does not want you to stay home.",
"false","false","","https://pbs.twimg.com/profile_images/1203393330727374848/p7uTrbr4_normal.jpg","Edwin Hobbs IV","1203393036555669504","iv_hobbs","3","0","1257340333031120900","Wed May 06 15:07:20 +0000 2020","This virus is just propaganda being spread by leftist communist movement,  1. Testing that has been sent out contaminated,, test that test false positive,  3 medical equipment  being warehouses an not used,  President Trump allow this an now leftist cannot end",,,,,,,,,,,,,,,,,,,,,,,,,,,,,,,,,,,,,,,,,,,,,,,,,,,,,,,,,,,,,,,,,,,,,,,,,,,,,,,,,,,,,,,,,,,,,,,,,,,,,,,,,,,,,,,,,,,,,,,,,,,,,,,,,,,,,,,,,,,,,,,,,,,,,,,,,,,,,,,,,,,,,,,,,,,,,,,,,,,,,,,,,,,,,,,,,,,,,,,,,,,"146569971","0","7","CDC","CDCgov",,,,,,,,,,,,,,,,,,,,,,,,,,"1258050722274226176","en","0",,,,,,,,,,,,,,,,,,,,,,,,,,,,,,"0","0","0","active","@CDCgov This virus is just propaganda being spread by leftist communist movement,  1. Testing that has been sent out contaminated,, test that test false positive,  3 medical equipment  being warehouses an not used,  President Trump allow this an now leftist cannot end",
"false","false","","https://pbs.twimg.com/profile_images/1203393330727374848/p7uTrbr4_normal.jpg","Edwin Hobbs IV","1203393036555669504","iv_hobbs","3","0","1257340333031120900","Tue May 05 21:59:22 +0000 2020","There are millions of the test that have been sent out contaminated an thousands that give false positive, an the leftist movement is using it to spread propaganda to keep power",,,,,,,,,,,,,,,,,,,,,,,,,,,,,,,,,,,,,,,,,,,,,,,,,,,,,,,,,,,,,,,,,,,,,,,,,,,,,,,,,,,,,,,,,,,,,,,,,,,,,,,,,,,,,,,,,,,,,,,,,,,,,,,,,,,,,,,,,,,,,,,,,,,,,,,,,,,,,,,,,,,,,,,,,,,,,,,,,,,,,,,,,,,,,,,,,,,,,,,,,,,"146569971","0","7","CDC","CDCgov",,,,,,,,,,,,,,,,,,,,,,,,,,"1257792026617114624","en","0",,,,,,,,,,,,,,,,,,,,,,,,,,,,,,"0","0","0","active","@CDCgov There are millions of the test that have been sent out contaminated an thousands that give false positive, an the leftist movement is using it to spread propaganda to keep power",
"false","false","just have fun I always do ways best for all","https://pbs.twimg.com/profile_images/1186048251574792195/mS4U4rOr_normal.jpg","Executive Director DirecterChristopher Rogenkamp","1183892683632365568","ERogenkamp","2","0","1257340333031120900","Tue May 05 19:58:57 +0000 2020","I am the surgeon general only chemical  strong enough to kill and cure corona 19 is chlorine I have tested this theory also I have made cure all drug listed in FDA medicines listed as cure all",,,,,,,,,,,,,,,,,,,,,,,,,,,,,,,,,,,,,,,,,,,,,,,,,,,,,,,,,,,,,,,,,,,,,,,,,,,,,,,,,,,,,,,,,,,,,,,,,,,,,,,,,,,,,,,,,,,,,,,,,,,,,,,,,,,,,,,,,,,,,,,,,,,,,,,,,,,,,,,,,,,,,,,,,,,,,,,,,,,,,,,,,,,,,,,,,,,,,,,,,,,"146569971","0","7","CDC","CDCgov","1879651867288018944","8","15","First Lady Melania Trump","FLOTUS",,,,,,,,,,,,,,,,,,,,,"1257761723890761731","en","0",,,,,,,,,,,,,,,,,,,,,,,,,,,,,,"0","0","0","active","@CDCgov @FLOTUS I am the surgeon general only chemical  strong enough to kill and cure corona 19 is chlorine I have tested this theory also I have made cure all drug listed in FDA medicines listed as cure all",
"false","false","RN X50 years","https://pbs.twimg.com/profile_images/1257510856671322118/JAlq1D5D_normal.jpg","roszub","1257510368286584832","roszub1","0","0","1257340333031120900","Tue May 05 19:58:38 +0000 2020","Help patients get to see their family. Let us touch so we can heal",,,,,,,,,,,,,,,,,,,,,,,,,,,,,,,,,,,,,,,,,,,,,,,,,,,,,,,,,,,,,,,,,,,,,,,,,,,,,,,,,,,,,,,,,,,,,,,,,,,,,,,,,,,,,,,,,,,,,,,,,,,,,,,,,,,,,,,,,,,,,,,,,,,,,,,,,,,,,,,,,,,,,,,,,,,,,,,,,,,,,,,,,,,,,,,,,,,,,,,,,,,"146569971","0","7","CDC","CDCgov","1879651867288018944","8","15","First Lady Melania Trump","FLOTUS",,,,,,,,,,,,,,,,,,,,,"1257761643980865537","en","0",,,,,,,,,,,,,,,,,,,,,,,,,,,,,,"0","0","0","active","@CDCgov @FLOTUS Help patients get to see their family. Let us touch so we can heal",
"false","false","","https://pbs.twimg.com/profile_images/1255643193581940739/Pty1sA87_normal.jpg","Jan Gale","1241469558541746179","Gale14Gale","0","0","1257340333031120900","Tue May 05 17:32:26 +0000 2020","You are a broken record MELANIA!! Help the children in cages your husband put them in. You are DESPICABLE!!!",,,,,,,,,,,,,,,,,,,,,,,,,,,,,,,,,,,,,,,,,,,,,,,,,,,,,,,,,,,,,,,,,,,,,,,,,,,,,,,,,,,,,,,,,,,,,,,,,,,,,,,,,,,,,,,,,,,,,,,,,,,,,,,,,,,,,,,,,,,,,,,,,,,,,,,,,,,,,,,,,,,,,,,,,,,,,,,,,,,,,,,,,,,,,,,,,,,,,,,,,,,"146569971","0","7","CDC","CDCgov",,,,,,,,,,,,,,,,,,,,,,,,,,"1257724851193810949","en","0",,,,,,,,,,,,,,,,,,,,,,,,,,,,,,"0","0","0","active","@CDCgov You are a broken record MELANIA!! Help the children in cages your husband put them in. You are DESPICABLE!!!",
"false","true","I love dressing up as Harley and I believe that any one can do any thing remember   no one better then any one else’s be your self don’t let any one bully you","https://pbs.twimg.com/profile_images/1605840335606648832/i83HQ7HR_normal.jpg","nicole","1250533691454943233","nicole17215366","3","0","1257340333031120900","Tue May 05 17:06:09 +0000 2020","Why is people saying in California in few weeks thinking in May of open back up some store vires is still out there ?",,,,,,,,,,,,,,,,,,,,,,,,,,,,,,,,,,,,,,,,,,,,,,,,,,,,,,,,,,,,,,,,,,,,,,,,,,,,,,,,,,,,,,,,,,,,,,,,,,,,,,,,,,,,,,,,,,,,,,,,,,,,,,,,,,,,,,,,,,,,,,,,,,,,,,,,,,,,,,,,,,,,,,,,,,,,,,,,,,,,,,,,,,,,,,,,,,,,,,,,,,,"146569971","0","7","CDC","CDCgov",,,,,,,,,,,,,,,,,,,,,,,,,,"1257718238034550784","en","0",,,,,,,,,,,,,,,,,,,,,,,,,,,,,,"0","0","0","active","@CDCgov Why is people saying in California in few weeks thinking in May of open back up some store vires is still out there ?",
"false","false","Just a honest man who loves America.","https://pbs.twimg.com/profile_images/1217060795479183360/V2nDA4ey_normal.jpg","Joe","1217060293504835585","Joe25937957","1","0","1257340333031120900","Tue May 05 11:55:31 +0000 2020","Screw you. You are nothing but communist propaganda spreading fools.",,,,,,,,,,,,,,,,,,,,,,,,,,,,,,,,,,,,,,,,,,,,,,,,,,,,,,,,,,,,,,,,,,,,,,,,,,,,,,,,,,,,,,,,,,,,,,,,,,,,,,,,,,,,,,,,,,,,,,,,,,,,,,,,,,,,,,,,,,,,,,,,,,,,,,,,,,,,,,,,,,,,,,,,,,,,,,,,,,,,,,,,,,,,,,,,,,,,,,,,,,,"146569971","0","7","CDC","CDCgov","1879651867288018944","8","15","First Lady Melania Trump","FLOTUS",,,,,,,,,,,,,,,,,,,,,"1257640062566703106","en","0",,,,,,,,,,,,,,,,,,,,,,,,,,,,,,"0","0","0","active","@CDCgov @FLOTUS Screw you. You are nothing but communist propaganda spreading fools.",
"false","true","","https://pbs.twimg.com/profile_images/821237052062646274/3XHhbPRh_normal.jpg","Kris David Gibson,","4584730993","krisgibson29","3","0","1257340333031120900","Thu May 07 04:39:26 +0000 2020","Now that is the  best logical statement to come from the white house pity that POTUS doesn't seem to share your sentiment but offers to have people inject, or take disenfectant or bleach. You know who wears the pants in that ' marriage'.",,,,,,,,,,,,,,,,,,,,,,,,,,,,,,,,,,,,,,,,,,,,,,,,,,,,,,,,,,,,,,,,,,,,,,,,,,,,,,,,,,,,,,,,,,,,,,,,,,,,,,,,,,,,,,,,,,,,,,,,,,,,,,,,,,,,,,,,,,,,,,,,,,,,,,,,,,,,,,,,,,,,,,,,,,,,,,,,,,,,,,,,,,,,,,,,,,,,,,,,,,,"146569971","0","7","CDC","CDCgov","1879651867288018944","8","15","First Lady Melania Trump","FLOTUS",,,,,,,,,,,,,,,,,,,,,"1258255093301784581","en","0",,,,,,,,,,,,,,,,,,,,,,,,,,,,,,"0","0","0","active","@CDCgov @FLOTUS Now that is the  best logical statement to come from the white house pity that POTUS doesn't seem to share your sentiment but offers to have people inject, or take disenfectant or bleach. You know who wears the pants in that ' marriage'.",
"false","false","","https://pbs.twimg.com/profile_images/1881807278518714368/u5QEsb2p_normal.jpg","Manoj","45342053","mehmanoj","7","0","1257340333031120900","Mon May 04 16:09:02 +0000 2020","Most important thing is contact tracing in existing lockdown. We should have realistic data for why so many new cases today as people are inside from more than a month..It would easier now than reopening when more people are out..",,,,,,,,,,,,,,,,,,,,,,,,,,,,,,,,,,,,,,,,,,,,,,,,,,,,,,,,,,,,,,,,,,,,,,,,,,,,,,,,,,,,,,,,,,,,,,,,,,,,,,,,,,,,,,,,,,,,,,,,,,,,,,,,,,,,,,,,,,,,,,,,,,,,,,,,,,,,,,,,,,,,,,,,,,,,,,,,,,,,,,,,,,,,,,,,,,,,,,,,,,,"146569971","0","7","CDC","CDCgov",,,,,,,,,,,,,,,,,,,,,,,,,,"1257341475614007303","en","0",,,,,,,,,,,,,,,,,,,,,,,,,,,,,,"0","1","0","active","@CDCgov Most important thing is contact tracing in existing lockdown. We should have realistic data for why so many new cases today as people are inside from more than a month..It would easier now than reopening when more people are out..",
"false","false","Mother of 4, 1-24","https://pbs.twimg.com/profile_images/1176771973894029312/XqnbQUWd_normal.jpg","Edesa Leyva 🇨🇺","1176771568644567040","LeyvaEdesa","7","0","1257340333031120900","Tue May 05 13:18:11 +0000 2020","When you are a critical essential employee staying home isn’t an option even if you have a positive testing family member and I am asymptomatic! I’m using my unearned personal time off to keep my coworkers from being in contact with me.",,,,,,,,,,,,,,,,,,,,,,,,,,,,,,,,,,,,,,,,,,,,,,,,,,,,,,,,,,,,,,,,,,,,,,,,,,,,,,,,,,,,,,,,,,,,,,,,,,,,,,,,,,,,,,,,,,,,,,,,,,,,,,,,,,,,,,,,,,,,,,,,,,,,,,,,,,,,,,,,,,,,,,,,,,,,,,,,,,,,,,,,,,,,,,,,,,,,,,,,,,,"146569971","0","7","CDC","CDCgov",,,,,,,,,,,,,,,,,,,,,,,,,,"1257660866025177089","en","0",,,,,,,,,,,,,,,,,,,,,,,,,,,,,,"0","0","0","active","@CDCgov When you are a critical essential employee staying home isn’t an option even if you have a positive testing family member and I am asymptomatic! I’m using my unearned personal time off to keep my coworkers from being in contact with me.",
"false","false","Men's Rights, Crime against Men, #498A, #DV, #125CRPC","https://pbs.twimg.com/profile_images/1170887726029099008/fSoR5SnP_normal.jpg","Mendetta - Vindictive Vendetta against Men","1170887539445551106","MendettaM","6","0","1257340333031120900","Mon May 11 11:15:45 +0000 2020","@mudit_dutt stop retweeting and tell us when the hell is karvy going to transfer the funds? @SEBI_India @nsitharaman @rsprasad Sir, how are these defaulters still roaming free. 31st March has long gone by. They should either transfer the funds or be put behind the bar.",,,,,,,,,,,,,,,,,,,,,,,,,,,,,,,,,,,,,,,,,,,,,,,,,,,,,,,,,,,,,,,,,,,,,,,,,,,,,,,,,,,,,,,,,,,,,,,,,,,,,,,,,,,,,,,,,,,,,,,,,,,,,,,,,,,,,,,,,,,,,,,,,,,,,,,,,,,,,,,,,,,,,,,,,,,,,,,,,,,,,,,,,,,,,,,,,,,,,,,,,,,"146569971","0","7","CDC","CDCgov","1721229534","8","19","Mudit Kumar Dutt","mudit_dutt","1721229534","20","31","Mudit Kumar Dutt","mudit_dutt","1448609910","112","123","SEBI_Awareness","SEBI_India","58243368","124","136","Nirmala Sitharaman","nsitharaman","2222673457","137","146","Ravi Shankar Prasad","rsprasad","1259804382951993345","en","0",,,,,,,,,,,,,,,,,,,,,,,,,,,,,,"0","1","0","active","@CDCgov @mudit_dutt @mudit_dutt stop retweeting and tell us when the hell is karvy going to transfer the funds? @SEBI_India @nsitharaman @rsprasad Sir, how are these defaulters still roaming free. 31st March has long gone by. They should either transfer the funds or be put behind the bar.",
"false","false","","https://pbs.twimg.com/profile_images/1239703198614671360/tQ9LAw33_normal.jpg","Elizabeth Guaico","1238959654492950530","ElizabethGuaic2","12","0","1257340333031120900","Mon May 04 19:57:39 +0000 2020","No mention of obesity. 🤔",,,,,,,,,,,,,,,,,,,,,,,,,,,,,,,,,,,,,,,,,,,,,,,,,,,,,,,,,,,,,,,,,,,,,,,,,,,,,,,,,,,,,,,,,,,,,,,,,,,,,,,,,,,,,,,,,,,,,,,,,,,,,,,,,,,,,,,,,,,,,,,,,,,,,,,,,,,,,,,,,,,,,,,,,,,,,,,,,,,,,,,,,,,,,,,,,,,,,,,,,,,"146569971","0","7","CDC","CDCgov",,,,,,,,,,,,,,,,,,,,,,,,,,"1257399009406263296","en","0",,,,,,,,,,,,,,,,,,,,,,,,,,,,,,"0","0","0","active","@CDCgov No mention of obesity. 🤔",
"false","false","","https://pbs.twimg.com/profile_images/1195038653606531072/oOpNPVEI_normal.jpg","robbie walton","1195038518331883520","robbiewalton15","7","0","1257340333031120900","Tue May 05 12:33:48 +0000 2020","No recommendations I would listen to anymore https://t.co/rNh8qUQtQX",,,,,,,,,,,,,,,,,,,,,,,,,,,,,,,,,,,,,,,,,,,,,,,,,,,,,,,,,,,,,,,,,,,,,,,,,,,,,,,,,,,,,,,,,,,,,,,,,,,,,,,,,,,,,,,,,,,,,,,,,,,,,,,,,,,,,,,,,,,,,,,,,,,,,,,,,,,,,,,,,,,,,,,,,,,,,,,,,,,,,,,,,,,,,,,,,,,,,,"youtu.be/ICtsXNtf_GQ","https://youtu.be/ICtsXNtf_GQ","53","76","https://t.co/rNh8qUQtQX","146569971","0","7","CDC","CDCgov",,,,,,,,,,,,,,,,,,,,,,,,,,"1257649697486929920","en","0",,,,,,,,,,,,,,,,,,,,,,,,,,,,,,"0","0","0","active","@CDCgov No recommendations I would listen to anymore https://t.co/rNh8qUQtQX",
"false","false","","https://pbs.twimg.com/profile_images/831645651326861317/jdo_Gjdc_normal.jpg","Anthony","788527746846646273","josephlozano37","10","0","1257340333031120900","Wed May 06 14:20:29 +0000 2020","Tell your husband that 🤨",,,,,,,,,,,,,,,,,,,,,,,,,,,,,,,,,,,,,,,,,,,,,,,,,,,,,,,,,,,,,,,,,,,,,,,,,,,,,,,,,,,,,,,,,,,,,,,,,,,,,,,,,,,,,,,,,,,,,,,,,,,,,,,,,,,,,,,,,,,,,,,,,,,,,,,,,,,,,,,,,,,,,,,,,,,,,,,,,,,,,,,,,,,,,,,,,,,,,,,,,,,"146569971","0","7","CDC","CDCgov","1879651867288018944","8","15","First Lady Melania Trump","FLOTUS",,,,,,,,,,,,,,,,,,,,,"1258038933029560320","en","0",,,,,,,,,,,,,,,,,,,,,,,,,,,,,,"0","0","0","active","@CDCgov @FLOTUS Tell your husband that 🤨",
"false","false","मैं तो आम आदमी हूँ जी। अन्ना मॉफ करना। मानसिक बौना मैं हूं ना।।","https://pbs.twimg.com/profile_images/1395479328884879365/_ibDUIQe_normal.jpg","👀केजरी बवाल👀","1475598655","anurag201993","29","0","1257340333031120900","Tue May 05 01:21:13 +0000 2020","Now i will trust CDC instead of WHO",,,,,,,,,,,,,,,,,,,,,,,,,,,,,,,,,,,,,,,,,,,,,,,,,,,,,,,,,,,,,,,,,,,,,,,,,,,,,,,,,,,,,,,,,,,,,,,,,,,,,,,,,,,,,,,,,,,,,,,,,,,,,,,,,,,,,,,,,,,,,,,,,,,,,,,,,,,,,,,,,,,,,,,,,,,,,,,,,,,,,,,,,,,,,,,,,,,,,,,,,,,"146569971","0","7","CDC","CDCgov","1879651867288018944","8","15","First Lady Melania Trump","FLOTUS",,,,,,,,,,,,,,,,,,,,,"1257480436961275905","en","0",,,,,,,,,,,,,,,,,,,,,,,,,,,,,,"0","2","0","active","@CDCgov @FLOTUS Now i will trust CDC instead of WHO",
"false","false","Love Chinese people BUT willing to Challenge and Disclose all that is CCP Corruption","https://pbs.twimg.com/profile_images/1250345971839463424/P8VcTLUq_normal.jpg","CCPbull","1250345595639705601","CCPISBULCRAP","8","0","1257340333031120900","Tue May 05 12:20:27 +0000 2020","But dont avoid this https://t.co/5mGfssJ0g2",,,,,,,,,,,,,,,,,,,,,,,,,,,,,,,,,,,,,,,,,,,,,,,,,,,,,,,,,,,,,,,,,,,,,,,,,,,,,,,,,,,,,,,,,,,,,,,,,,,,,,,,,,,,,,,,,,,,,,,,,,,,,,,,,,,,,,,,,,,,,,,,,,,,,,,,,,,,,,,,,,,,,,,,,,,,,,,,,,,,,,,,,,,,,,,,,,,,,,"youtu.be/3bXWGxhd7ic","https://youtu.be/3bXWGxhd7ic","36","59","https://t.co/5mGfssJ0g2","146569971","0","7","CDC","CDCgov","1879651867288018944","8","15","First Lady Melania Trump","FLOTUS",,,,,,,,,,,,,,,,,,,,,"1257646339627737089","en","0",,,,,,,,,,,,,,,,,,,,,,,,,,,,,,"0","0","0","active","@CDCgov @FLOTUS But dont avoid this https://t.co/5mGfssJ0g2",
"false","false","La simpatia e ecocentrismo","https://pbs.twimg.com/profile_images/1004670129882484742/MlzYpdyq_normal.jpg","ludovico de gaetano","129303481","rambozeta","56","0","1257340333031120900","Tue May 05 22:12:08 +0000 2020","You're a great woman",,,,,,,,,,,,,,,,,,,,,,,,,,,,,,,,,,,,,,,,,,,,,,,,,,,,,,,,,,,,,,,,,,,,,,,,,,,,,,,,,,,,,,,,,,,,,,,,,,,,,,,,,,,,,,,,,,,,,,,,,,,,,,,,,,,,,,,,,,,,,,,,,,,,,,,,,,,,,,,,,,,,,,,,,,,,,,,,,,,,,,,,,,,,,,,,,,,,,,,,,,,"146569971","0","7","CDC","CDCgov",,,,,,,,,,,,,,,,,,,,,,,,,,"1257795240074805250","en","0",,,,,,,,,,,,,,,,,,,,,,,,,,,,,,"0","0","0","active","@CDCgov You're a great woman",
"false","false","La simpatia e ecocentrismo","https://pbs.twimg.com/profile_images/1004670129882484742/MlzYpdyq_normal.jpg","ludovico de gaetano","129303481","rambozeta","56","0","1257340333031120900","Tue May 05 12:31:51 +0000 2020","👌👌👌👌",,,,,,,,,,,,,,,,,,,,,,,,,,,,,,,,,,,,,,,,,,,,,,,,,,,,,,,,,,,,,,,,,,,,,,,,,,,,,,,,,,,,,,,,,,,,,,,,,,,,,,,,,,,,,,,,,,,,,,,,,,,,,,,,,,,,,,,,,,,,,,,,,,,,,,,,,,,,,,,,,,,,,,,,,,,,,,,,,,,,,,,,,,,,,,,,,,,,,,,,,,,"146569971","0","7","CDC","CDCgov","1879651867288018944","8","15","First Lady Melania Trump","FLOTUS",,,,,,,,,,,,,,,,,,,,,"1257649205528666114","qme","0",,,,,,,,,,,,,,,,,,,,,,,,,,,,,,"0","0","0","active","@CDCgov @FLOTUS 👌👌👌👌",
"false","false","","https://abs.twimg.com/sticky/default_profile_images/default_profile_normal.png","steve","1190952906910044160","steve91046618","18","0","1257340333031120900","Tue May 05 02:48:39 +0000 2020","I learned a lot how to protect myself, ignore everything the moron president says. America gave up on the idiot with his making shit up at the briefings.",,,,,,,,,,,,,,,,,,,,,,,,,,,,,,,,,,,,,,,,,,,,,,,,,,,,,,,,,,,,,,,,,,,,,,,,,,,,,,,,,,,,,,,,,,,,,,,,,,,,,,,,,,,,,,,,,,,,,,,,,,,,,,,,,,,,,,,,,,,,,,,,,,,,,,,,,,,,,,,,,,,,,,,,,,,,,,,,,,,,,,,,,,,,,,,,,,,,,,,,,,,"146569971","0","7","CDC","CDCgov","1879651867288018944","8","15","First Lady Melania Trump","FLOTUS",,,,,,,,,,,,,,,,,,,,,"1257502440280260609","en","0",,,,,,,,,,,,,,,,,,,,,,,,,,,,,,"0","0","0","active","@CDCgov @FLOTUS I learned a lot how to protect myself, ignore everything the moron president says. America gave up on the idiot with his making shit up at the briefings.",
"false","true","I stand for what is right","https://pbs.twimg.com/profile_images/1064990128274321409/VN4dx2-v_normal.jpg","leadove7","1064985254610518016","leadove7","44","0","1257340333031120900","Tue May 05 05:02:27 +0000 2020","That is coming from DEEP STATE NOT BUYING IT",,,,,,,,,,,,,,,,,,,,,,,,,,,,,,,,,,,,,,,,,,,,,,,,,,,,,,,,,,,,,,,,,,,,,,,,,,,,,,,,,,,,,,,,,,,,,,,,,,,,,,,,,,,,,,,,,,,,,,,,,,,,,,,,,,,,,,,,,,,,,,,,,,,,,,,,,,,,,,,,,,,,,,,,,,,,,,,,,,,,,,,,,,,,,,,,,,,,,,,,,,,"146569971","0","7","CDC","CDCgov","1879651867288018944","8","15","First Lady Melania Trump","FLOTUS",,,,,,,,,,,,,,,,,,,,,"1257536110282059777","en","0",,,,,,,,,,,,,,,,,,,,,,,,,,,,,,"0","0","0","active","@CDCgov @FLOTUS That is coming from DEEP STATE NOT BUYING IT",
"false","false","Economists, Real Eastate & Investor.
I love socialization, humility & travel.","https://pbs.twimg.com/profile_images/1477500336348839937/kHCEorJy_normal.jpg","Naresh Patel","1256300462707486720","NareshP96694286","38","0","1257340333031120900","Tue May 05 01:33:17 +0000 2020","Keeping clean often, manufacturing segments overhead will increase will be hard become hard to make cost effective vs import product in most cases, however work force policies needs in more favorable to employers",,,,,,,,,,,,,,,,,,,,,,,,,,,,,,,,,,,,,,,,,,,,,,,,,,,,,,,,,,,,,,,,,,,,,,,,,,,,,,,,,,,,,,,,,,,,,,,,,,,,,,,,,,,,,,,,,,,,,,,,,,,,,,,,,,,,,,,,,,,,,,,,,,,,,,,,,,,,,,,,,,,,,,,,,,,,,,,,,,,,,,,,,,,,,,,,,,,,,,,,,,,"146569971","0","7","CDC","CDCgov","1879651867288018944","8","15","First Lady Melania Trump","FLOTUS",,,,,,,,,,,,,,,,,,,,,"1257483471062216704","en","1",,,,,,,,,,,,,,,,,,,,,,,,,,,,,,"0","0","0","active","@CDCgov @FLOTUS Keeping clean often, manufacturing segments overhead will increase will be hard become hard to make cost effective vs import product in most cases, however work force policies needs in more favorable to employers",
"false","false","","https://pbs.twimg.com/profile_images/485125820495564800/fCTYHNg4_normal.jpeg","Martin Rivera","539780434","djr1la","59","0","1257340333031120900","Tue May 05 12:54:59 +0000 2020","Do I need to change my clothes when I return from being outside running errands?  #thankyouinadvance.","90","108","thankyouinadvance",,,,,,,,,,,,,,,,,,,,,,,,,,,,,,,,,,,,,,,,,,,,,,,,,,,,,,,,,,,,,,,,,,,,,,,,,,,,,,,,,,,,,,,,,,,,,,,,,,,,,,,,,,,,,,,,,,,,,,,,,,,,,,,,,,,,,,,,,,,,,,,,,,,,,,,,,,,,,,,,,,,,,,,,,,,,,,,,,,,,,,,,,,,,,,,,,,,,,,,,"146569971","0","7","CDC","CDCgov",,,,,,,,,,,,,,,,,,,,,,,,,,"1257655029277683719","en","0",,,,,,,,,,,,,,,,,,,,,,,,,,,,,,"0","0","0","active","@CDCgov Do I need to change my clothes when I return from being outside running errands?  #thankyouinadvance.",
"false","false","","https://abs.twimg.com/sticky/default_profile_images/default_profile_normal.png","m","1089928454571806721","m88519786","90","0","1257340333031120900","Mon May 04 20:25:24 +0000 2020","enforce the 6ft rule",,,,,,,,,,,,,,,,,,,,,,,,,,,,,,,,,,,,,,,,,,,,,,,,,,,,,,,,,,,,,,,,,,,,,,,,,,,,,,,,,,,,,,,,,,,,,,,,,,,,,,,,,,,,,,,,,,,,,,,,,,,,,,,,,,,,,,,,,,,,,,,,,,,,,,,,,,,,,,,,,,,,,,,,,,,,,,,,,,,,,,,,,,,,,,,,,,,,,,,,,,,"146569971","0","7","CDC","CDCgov","19658936","8","21","CDC Emergency","CDCemergency",,,,,,,,,,,,,,,,,,,,,"1257405992482091010","en","0",,,,,,,,,,,,,,,,,,,,,,,,,,,,,,"0","1","0","active","@CDCgov @CDCemergency enforce the 6ft rule",
"false","false","","https://pbs.twimg.com/profile_images/1127856195283210242/EbIc82Mi_normal.jpg","Gene HC","1127855902961176576","GeneHC1","56","0","1257340333031120900","Tue May 05 13:34:33 +0000 2020","Outside home Always wear mask. Wash hands as soon as you come home,",,,,,,,,,,,,,,,,,,,,,,,,,,,,,,,,,,,,,,,,,,,,,,,,,,,,,,,,,,,,,,,,,,,,,,,,,,,,,,,,,,,,,,,,,,,,,,,,,,,,,,,,,,,,,,,,,,,,,,,,,,,,,,,,,,,,,,,,,,,,,,,,,,,,,,,,,,,,,,,,,,,,,,,,,,,,,,,,,,,,,,,,,,,,,,,,,,,,,,,,,,,"146569971","0","7","CDC","CDCgov","1879651867288018944","8","15","First Lady Melania Trump","FLOTUS",,,,,,,,,,,,,,,,,,,,,"1257664985011912705","en","0",,,,,,,,,,,,,,,,,,,,,,,,,,,,,,"0","0","0","active","@CDCgov @FLOTUS Outside home Always wear mask. Wash hands as soon as you come home,",
"false","false","","https://pbs.twimg.com/profile_images/1259007501204443137/YpBvzHPe_normal.jpg","herve nkuisse","948847657270702080","herve_nkuisse","81","0","1257340333031120900","Wed May 06 12:06:21 +0000 2020","This attitude protect you against coronavirus",,,,,,,,,,,,,,,,,,,,,,,,,,,,,,,,,,,,,,,,,,,,,,,,,,,,,,,,,,,,,,,,,,,,,,,,,,,,,,,,,,,,,,,,,,,,,,,,,,,,,,,,,,,,,,,,,,,,,,,,,,,,,,,,,,,,,,,,,,,,,,,,,,,,,,,,,,,,,,,,,,,,,,,,,,,,,,,,,,,,,,,,,,,,,,,,,,,,,,,,,,,"146569971","0","7","CDC","CDCgov","1879651867288018944","8","15","First Lady Melania Trump","FLOTUS",,,,,,,,,,,,,,,,,,,,,"1258005178864680960","en","0",,,,,,,,,,,,,,,,,,,,,,,,,,,,,,"0","0","0","active","@CDCgov @FLOTUS This attitude protect you against coronavirus",
"false","false","Conservative. Pro-life.","https://pbs.twimg.com/profile_images/1604952979689426952/JvvHLFtE_normal.jpg","Lyn Caswell","1256721766237581317","CaswellLyn","69","0","1257340333031120900","Tue May 05 00:56:33 +0000 2020","But Fauci said we can hook up. Was he wrong, ya think?",,,,,,,,,,,,,,,,,,,,,,,,,,,,,,,,,,,,,,,,,,,,,,,,,,,,,,,,,,,,,,,,,,,,,,,,,,,,,,,,,,,,,,,,,,,,,,,,,,,,,,,,,,,,,,,,,,,,,,,,,,,,,,,,,,,,,,,,,,,,,,,,,,,,,,,,,,,,,,,,,,,,,,,,,,,,,,,,,,,,,,,,,,,,,,,,,,,,,,,,,,,"146569971","0","7","CDC","CDCgov","1879651867288018944","8","15","First Lady Melania Trump","FLOTUS",,,,,,,,,,,,,,,,,,,,,"1257474228166832129","en","0",,,,,,,,,,,,,,,,,,,,,,,,,,,,,,"0","0","0","active","@CDCgov @FLOTUS But Fauci said we can hook up. Was he wrong, ya think?",
"false","false","","https://pbs.twimg.com/profile_images/2822257024/39b74e8a1416668aac502e8c91f6d525_normal.png","Chickadeedoodah","225521956","MVinc10560","35","0","1257340333031120900","Tue May 05 13:15:47 +0000 2020","ANOTHER OPPORTUNITY TO MAKE YOURSELF FEEL IMPORTANT TO THE NATION!!!  U espouse CDC preventions for COVID 19, while ur SUGAR DADDY sets out to KILL THE MASSES!!!  AMAZING!!!",,,,,,,,,,,"pic.x.com/pTPrrMAJdM","https://x.com/MVinc10560/status/1257660262687145992/photo/1",,"Available",,,,,,,,,,,,,,,,,,,,,,,,,,,,,,,,,"1257659696074362880","190","213","3_1257659696074362880","3_1257659696074362880","https://pbs.twimg.com/media/EXQa1IjWkAAH1ZF.jpg","374","667","0","512","667","667","0","219","760","667","0","126","886","443","199","0","886","667","0","0","886","667","886","fit","667","886","fit","667","680","fit","512","150","crop","150","photo","https://t.co/pTPrrMAJdM",,,,,,,,,,,,,,,,,,,,,,,,,,,,,,,,,,,,,,,,,,,,,,,,,,,,,,,,,,,,,,,,,,,,,,,,,,,,,,,,,,,,,,,,,,,,,,,,,,,,,,,,,,,,,,,,,,,"146569971","0","7","CDC","CDCgov","1879651867288018944","8","15","First Lady Melania Trump","FLOTUS",,,,,,,,,,,,,,,,,,,,,"1257660262687145992","en","0","1257659696074362880","https://pbs.twimg.com/media/EXQa1IjWkAAH1ZF.jpg",,,,,,,,,,,,,,,,,,,,,,,,,,,,"0","0","0","active","@CDCgov @FLOTUS ANOTHER OPPORTUNITY TO MAKE YOURSELF FEEL IMPORTANT TO THE NATION!!!  U espouse CDC preventions for COVID 19, while ur SUGAR DADDY sets out to KILL THE MASSES!!!  AMAZING!!! https://t.co/pTPrrMAJdM",
"false","false","國内的人被ccp這個滿口烏托邦謊言 打土豪鬥地主姦淫擄掠的堕落天使傳染了腦毒  所以极度堕落  远离天堂 一门心思的詭辯   千方百計要到地狱最深处…。 

理性的開端來自耶和華神的律法，聖經是道德、世俗法、制度的標尺，本人基督徒， 保守主義者。平民主義和爆料革命支持者。","https://pbs.twimg.com/profile_images/1248548790505590785/f9UJon3I_normal.jpg","蒼井不空","1211455319689162757","p5ETCATsNSxIGo3","38","0","1257340333031120900","Tue May 05 08:14:50 +0000 2020","",,,,,,,,,,,"pic.x.com/3DNJv6KSCE","https://x.com/p5ETCATsNSxIGo3/status/1257584527553073154/photo/1",,"Available",,,,,,,,,,,,,,,,,,,,,,,,,,,,,,,,,"1257584516723441664","16","39","3_1257584516723441664","3_1257584516723441664","https://pbs.twimg.com/media/EXPWdHpVAAAC7vD.jpg","451","806","0","0","806","806","0","0","919","806","0","0","960","480","163","0","960","806","0","0","960","806","960","fit","806","960","fit","806","680","fit","571","150","crop","150","photo","https://t.co/3DNJv6KSCE",,,,,,,,,,,,,,,,,,,,,,,,,,,,,,,,,,,,,,,,,,,,,,,,,,,,,,,,,,,,,,,,,,,,,,,,,,,,,,,,,,,,,,,,,,,,,,,,,,,,,,,,,,,,,,,,,,,"146569971","0","7","CDC","CDCgov","1879651867288018944","8","15","First Lady Melania Trump","FLOTUS",,,,,,,,,,,,,,,,,,,,,"1257584527553073154","qme","0","1257584516723441664","https://pbs.twimg.com/media/EXPWdHpVAAAC7vD.jpg",,,,,,,,,,,,,,,,,,,,,,,,,,,,"0","0","0","active","@CDCgov @FLOTUS https://t.co/3DNJv6KSCE",
"false","false","I'm a nurse working in NYC, who recently tested positive for COVID-19. Read my piece critiquing healthcare leaders during the pandemic: https://t.co/ty6KteQC2D","https://pbs.twimg.com/profile_images/1247640888622407684/2HNyAkOi_normal.jpg","COVID-19Nurse","1247640785081831425","covid_19nurse","102","0","1257340333031120900","Mon May 04 17:03:37 +0000 2020","CDC-
If its so important to avoid close contact and wash hands frequently, why don't your require meat processors to let their workers social distance, or even provide opportunities to wash their hands - you make it optional.
Is your mission to Control Disease?",,,,,,,,,,,,,,,,,,,,,,,,,,,,,,,,,,,,,,,,,,,,,,,,,,,,,,,,,,,,,,,,,,,,,,,,,,,,,,,,,,,,,,,,,,,,,,,,,,,,,,,,,,,,,,,,,,,,,,,,,,,,,,,,,,,,,,,,,,,,,,,,,,,,,,,,,,,,,,,,,,,,,,,,,,,,,,,,,,,,,,,,,,,,,,,,,,,,,,,,,,,"146569971","0","7","CDC","CDCgov",,,,,,,,,,,,,,,,,,,,,,,,,,"1257355210072227840","en","2",,,,,,,,,,,,,,,,,,,,,,,,,,,,,,"0","0","0","active","@CDCgov CDC-
If its so important to avoid close contact and wash hands frequently, why don't your require meat processors to let their workers social distance, or even provide opportunities to wash their hands - you make it optional.
Is your mission to Control Disease?",
"false","true","","https://pbs.twimg.com/profile_images/1700183047436435459/JchlkZwl_normal.jpg","Maura McCarthy","1886422008","mcmaura31","49","0","1257340333031120900","Tue May 05 11:30:44 +0000 2020","@POTUS @realDonaldTrump this is for you",,,,,,,,,,,,,,,,,,,,,,,,,,,,,,,,,,,,,,,,,,,,,,,,,,,,,,,,,,,,,,,,,,,,,,,,,,,,,,,,,,,,,,,,,,,,,,,,,,,,,,,,,,,,,,,,,,,,,,,,,,,,,,,,,,,,,,,,,,,,,,,,,,,,,,,,,,,,,,,,,,,,,,,,,,,,,,,,,,,,,,,,,,,,,,,,,,,,,,,,,,,"146569971","0","7","CDC","CDCgov","1879651867288018944","8","15","First Lady Melania Trump","FLOTUS","1879650942410481666","16","22","President Donald J. Trump","POTUS","25073877","23","39","Donald J. Trump","realDonaldTrump",,,,,,,,,,,"1257633826479788033","en","0",,,,,,,,,,,,,,,,,,,,,,,,,,,,,,"0","0","0","active","@CDCgov @FLOTUS @POTUS @realDonaldTrump this is for you",
"false","false","Nannie to 1 Grandson","https://pbs.twimg.com/profile_images/1229282939378241542/esnz086-_normal.jpg","cheryl g","1220154738144174081","cherylg64006948","137","0","1257340333031120900","Tue May 05 18:28:03 +0000 2020","Yes like you staying in Maryland",,,,,,,,,,,,,,,,,,,,,,,,,,,,,,,,,,,,,,,,,,,,,,,,,,,,,,,,,,,,,,,,,,,,,,,,,,,,,,,,,,,,,,,,,,,,,,,,,,,,,,,,,,,,,,,,,,,,,,,,,,,,,,,,,,,,,,,,,,,,,,,,,,,,,,,,,,,,,,,,,,,,,,,,,,,,,,,,,,,,,,,,,,,,,,,,,,,,,,,,,,,"146569971","0","7","CDC","CDCgov","1879651867288018944","8","15","First Lady Melania Trump","FLOTUS",,,,,,,,,,,,,,,,,,,,,"1257738846403518464","en","0",,,,,,,,,,,,,,,,,,,,,,,,,,,,,,"0","0","0","active","@CDCgov @FLOTUS Yes like you staying in Maryland",
"false","false","World leader in Ultra Low Volume (ULV) Foggers, Thermal Foggers and Pest Control Equipment.","https://pbs.twimg.com/profile_images/1237362503597817857/-OlUVAHk_normal.png","Vectorfog USA","1237004952473612288","Vectorfog_USA","232","0","1257340333031120900","Sat May 09 16:30:35 +0000 2020","Helloo 💨💨 VectorFog manufacturer's this incredible machine from South Korea and it’s unique technology is effectively used to combine with local disinfectants to defeat the spread of the coronavirus #COVID19 #ReOpenAmerica Check us out! ⚡️
https://t.co/SYH1tCs5ED","207","215","COVID19","216","230","ReOpenAmerica",,,,,,,,,,,,,,,,,,,,,,,,,,,,,,,,,,,,,,,,,,,,,,,,,,,,,,,,,,,,,,,,,,,,,,,,,,,,,,,,,,,,,,,,,,,,,,,,,,,,,,,,,,,,,,,,,,,,,,,,,,,,,,,,,,,,,,,,,,,,,,,,,,,,,,,,,,,,,,,,,,,,,,,,,,,,,,,,,,,,,,,,,,,,,,,,"youtube.com/watch?v=NLw9zc…","https://www.youtube.com/watch?v=NLw9zcothLQ","248","271","https://t.co/SYH1tCs5ED","146569971","0","7","CDC","CDCgov",,,,,,,,,,,,,,,,,,,,,,,,,,"1259158839112368128","en","0",,,,,,,,,,,,,,,,,,,,,,,,,,,,,,"0","0","0","active","@CDCgov Helloo 💨💨 VectorFog manufacturer's this incredible machine from South Korea and it’s unique technology is effectively used to combine with local disinfectants to defeat the spread of the coronavirus #COVID19 #ReOpenAmerica Check us out! ⚡️
https://t.co/SYH1tCs5ED",
"false","false","I grew up in New York and watch trump screw people left and right all my life! Now he’s screwing America!!!  #Resist 🌊☀️🌊","https://pbs.twimg.com/profile_images/1260382609303093250/qCYwjSqK_normal.jpg","Lori Rosenberg #ElectionSecurity 🌊🌊🌊","1242647287895142402","LoriRosenberg19","183","0","1257340333031120900","Tue May 05 00:39:49 +0000 2020","Tell that to your hubby!!!",,,,,,,,,,,,,,,,,,,,,,,,,,,,,,,,,,,,,,,,,,,,,,,,,,,,,,,,,,,,,,,,,,,,,,,,,,,,,,,,,,,,,,,,,,,,,,,,,,,,,,,,,,,,,,,,,,,,,,,,,,,,,,,,,,,,,,,,,,,,,,,,,,,,,,,,,,,,,,,,,,,,,,,,,,,,,,,,,,,,,,,,,,,,,,,,,,,,,,,,,,,"146569971","0","7","CDC","CDCgov","1879651867288018944","8","15","First Lady Melania Trump","FLOTUS",,,,,,,,,,,,,,,,,,,,,"1257470017811218432","en","0",,,,,,,,,,,,,,,,,,,,,,,,,,,,,,"0","0","0","active","@CDCgov @FLOTUS Tell that to your hubby!!!",
"false","true","","https://abs.twimg.com/sticky/default_profile_images/default_profile_normal.png","NOIDNOVOTE2020.","736735311435177984","HoosierDaddy686","49","0","1257340333031120900","Thu May 07 22:56:22 +0000 2020","HCQ, Azithromycin and Zinc. Since 2005. Prophylactically.",,,,,,,,,,,,,,,,,,,,,,,,,,,,,,,,,,,,,,,,,,,,,,,,,,,,,,,,,,,,,,,,,,,,,,,,,,,,,,,,,,,,,,,,,,,,,,,,,,,,,,,,,,,,,,,,,,,,,,,,,,,,,,,,,,,,,,,,,,,,,,,,,,,,,,,,,,,,,,,,,,,,,,,,,,,,,,,,,,,,,,,,,,,,,,,,,,,,,,,,,,,"146569971","0","7","CDC","CDCgov","33905880","8","21","Neesie 🇺🇸","neesietweets",,,,,,,,,,,,,,,,,,,,,"1258531147497132034","ro","1",,,,,,,,,,,,,,,,,,,,,,,,,,,,,,"0","0","0","active","@CDCgov @neesietweets HCQ, Azithromycin and Zinc. Since 2005. Prophylactically.",
"false","false","Fr33 2 🐝🦋🌹poet artist musician 💕🌈☮🐇🌳🌱⚘💎🦄🦌🐄🐗🐹🐿🐨🐓🦢🦆🦚🦉🦜🐸🐊🐍🦎🌷🌵🍃🍂🍁🦋🐛🐞🦗","https://pbs.twimg.com/profile_images/1420782385071751176/UY3Z3Xmn_normal.jpg","RADR0X","1257476554029817859","JunRenfri","297","0","1257340333031120900","Tue May 05 02:58:00 +0000 2020","Avoiding contact is good for those whose pain is too great too share.
Love yourself the universe till you can love those close to you. Everyone else""fear will only consume you"" and those near you",,,,,,,,,,,,,,,,,,,,,,,,,,,,,,,,,,,,,,,,,,,,,,,,,,,,,,,,,,,,,,,,,,,,,,,,,,,,,,,,,,,,,,,,,,,,,,,,,,,,,,,,,,,,,,,,,,,,,,,,,,,,,,,,,,,,,,,,,,,,,,,,,,,,,,,,,,,,,,,,,,,,,,,,,,,,,,,,,,,,,,,,,,,,,,,,,,,,,,,,,,,"146569971","0","7","CDC","CDCgov","1879651867288018944","8","15","First Lady Melania Trump","FLOTUS",,,,,,,,,,,,,,,,,,,,,"1257504793318223873","en","0",,,,,,,,,,,,,,,,,,,,,,,,,,,,,,"0","0","0","active","@CDCgov @FLOTUS Avoiding contact is good for those whose pain is too great too share.
Love yourself the universe till you can love those close to you. Everyone else""fear will only consume you"" and those near you",
"false","false","ROCK n Roll Biker","https://pbs.twimg.com/profile_images/984798713242566656/ZVO853ZL_normal.jpg","Robert T Thrall","973929712803196928","RobertTThrall1","15","0","1257340333031120900","Tue May 05 14:50:40 +0000 2020","Is this what you tell your husband when he tries to get close?",,,,,,,,,,,,,,,,,,,,,,,,,,,,,,,,,,,,,,,,,,,,,,,,,,,,,,,,,,,,,,,,,,,,,,,,,,,,,,,,,,,,,,,,,,,,,,,,,,,,,,,,,,,,,,,,,,,,,,,,,,,,,,,,,,,,,,,,,,,,,,,,,,,,,,,,,,,,,,,,,,,,,,,,,,,,,,,,,,,,,,,,,,,,,,,,,,,,,,,,,,,"146569971","0","7","CDC","CDCgov","1879651867288018944","8","15","First Lady Melania Trump","FLOTUS",,,,,,,,,,,,,,,,,,,,,"1257684138930212866","en","0",,,,,,,,,,,,,,,,,,,,,,,,,,,,,,"0","0","0","active","@CDCgov @FLOTUS Is this what you tell your husband when he tries to get close?",
"false","false","","https://pbs.twimg.com/profile_images/1904525092778119168/m-vWKbDN_normal.jpg","me","773750073784238080","moi769","80","0","1257340333031120900","Wed May 06 01:44:39 +0000 2020","",,,,,,,,,,,"pic.x.com/yPg6y0UHCN","https://x.com/moi769/status/1257848722089578498/photo/1","benny hill wtf GIF","Available",,,,,,,,,,,,,,,,,,,,,,,,,,,,,,,,,"1257848714485313536","8","31","16_1257848714485313536","16_1257848714485313536","https://pbs.twimg.com/tweet_video_thumb/EXTGvdAUMAA-Epl.jpg",,,,,,,,,,,,,,,,,,,,,"242","350","242","fit","350","242","fit","350","242","fit","350","150","crop","150","animated_gif","https://t.co/yPg6y0UHCN","175","121",,"0","video/mp4","https://video.twimg.com/tweet_video/EXTGvdAUMAA-Epl.mp4",,,,,,,,,,,,,,,,,,,,,,,,,,,,,,,,,,,,,,,,,,,,,,,,,,,,,,,,,,,,,,,,,,,,,,,,,,,,,,,,,,,,,,,,,,,,,,,,,,,,,,,,,,,,,"146569971","0","7","CDC","CDCgov",,,,,,,,,,,,,,,,,,,,,,,,,,"1257848722089578498","qme","0",,,,,"175","121",,"1257848714485313536","https://pbs.twimg.com/tweet_video_thumb/EXTGvdAUMAA-Epl.jpg","242","350","0","video/mp4","https://video.twimg.com/tweet_video/EXTGvdAUMAA-Epl.mp4",,,,,,,,,,,,,,,,"0","0","0","active","@CDCgov https://t.co/yPg6y0UHCN",
"false","false","","https://pbs.twimg.com/profile_images/1904525092778119168/m-vWKbDN_normal.jpg","me","773750073784238080","moi769","80","0","1257340333031120900","Wed May 06 01:43:40 +0000 2020","If I’m at home!! Been a couch potato!! Quarantine!! Why should I wash my hands frequently?? I’m in contact with my wife!!",,,,,,,,,,,,,,,,,,,,,,,,,,,,,,,,,,,,,,,,,,,,,,,,,,,,,,,,,,,,,,,,,,,,,,,,,,,,,,,,,,,,,,,,,,,,,,,,,,,,,,,,,,,,,,,,,,,,,,,,,,,,,,,,,,,,,,,,,,,,,,,,,,,,,,,,,,,,,,,,,,,,,,,,,,,,,,,,,,,,,,,,,,,,,,,,,,,,,,,,,,,"146569971","0","7","CDC","CDCgov",,,,,,,,,,,,,,,,,,,,,,,,,,"1257848475548446720","en","0",,,,,,,,,,,,,,,,,,,,,,,,,,,,,,"0","0","0","active","@CDCgov If I’m at home!! Been a couch potato!! Quarantine!! Why should I wash my hands frequently?? I’m in contact with my wife!!",
"false","false","Adimensionalidad del Universo. 
Defensor de mi Patria y Lo Justo.
#YoApoyoACarabinerosDeChile","https://pbs.twimg.com/profile_images/1186340246994214913/5XLHKaFb_normal.jpg","18ChilePatriaYNación84 #NoMasOnu #RECHAZO","63985393","8LegionFenix8","908","0","1257340333031120900","Tue May 05 02:17:44 +0000 2020","Dear Melania, The best way to protect us of this attack from China, is punish them and make them pay for all his crimes againt humanity. @UN @WHO support chaos to set up his New World Order. God bless you and to Mr. President @realDonaldTrump 💪 greetings from Chile.",,,,,,,,,,,,,,,,,,,,,,,,,,,,,,,,,,,,,,,,,,,,,,,,,,,,,,,,,,,,,,,,,,,,,,,,,,,,,,,,,,,,,,,,,,,,,,,,,,,,,,,,,,,,,,,,,,,,,,,,,,,,,,,,,,,,,,,,,,,,,,,,,,,,,,,,,,,,,,,,,,,,,,,,,,,,,,,,,,,,,,,,,,,,,,,,,,,,,,,,,,,"146569971","0","7","CDC","CDCgov","1879651867288018944","8","15","First Lady Melania Trump","FLOTUS","14159148","153","156","United Nations","UN","14499829","157","161","World Health Organization (WHO)","WHO","25073877","242","258","Donald J. Trump","realDonaldTrump",,,,,,"1257494660953620490","en","0",,,,,,,,,,,,,,,,,,,,,,,,,,,,,,"0","0","0","active","@CDCgov @FLOTUS Dear Melania, The best way to protect us of this attack from China, is punish them and make them pay for all his crimes againt humanity. @UN @WHO support chaos to set up his New World Order. God bless you and to Mr. President @realDonaldTrump 💪 greetings from Chile.",
"false","true","🌺#HappyBdayLadyMae🌺
🌷@MissyDLRange #IP©Owner
ALL BLACK #BlueLivesMatter ©🤔
#BLMLawsuit ⛔ @SCOTUS 
#BlackFriday14 FAKEBLM #BIDEN
#Jan6 FAKEMAGA CHOP #GEHAZI","https://pbs.twimg.com/profile_images/753189010336514048/eZVNy2b4_normal.jpg","IPO BLACK LIVES MATTER ©🇺🇲ALL BLUE LIVES MATTER©","753187516887527424","MissionaryBLMM","11","0","1257340333031120900","Mon May 04 23:57:16 +0000 2020","HAVE YOU REALIZED THAT EVERYTHING IS ANTI-SOCIAL BEHAVIOR &amp; THE EXTRA HAND WASHES IS SUSPECT....BUT WE SEE THE VALUE!
HOWEVER LETS NOT MAKE UP REASONS TO STEAL PEOPLES RIGHTS~LET THEM DECIDE!
JUST MAKE THE CONSEQUENCES UNDESIREABLE IF ITS ILLEGAL!
⌚ TIME FOR US TO GO TO CHURCH💒",,,,,,,,,,,,,,,,,,,,,,,,,,,,,,,,,,,,,,,,,,,,,,,,,,,,,,,,,,,,,,,,,,,,,,,,,,,,,,,,,,,,,,,,,,,,,,,,,,,,,,,,,,,,,,,,,,,,,,,,,,,,,,,,,,,,,,,,,,,,,,,,,,,,,,,,,,,,,,,,,,,,,,,,,,,,,,,,,,,,,,,,,,,,,,,,,,,,,,,,,,,"146569971","0","7","CDC","CDCgov","1879651867288018944","8","15","First Lady Melania Trump","FLOTUS",,,,,,,,,,,,,,,,,,,,,"1257459309572698118","en","0",,,,,,,,,,,,,,,,,,,,,,,,,,,,,,"0","0","0","active","@CDCgov @FLOTUS HAVE YOU REALIZED THAT EVERYTHING IS ANTI-SOCIAL BEHAVIOR &amp; THE EXTRA HAND WASHES IS SUSPECT....BUT WE SEE THE VALUE!
HOWEVER LETS NOT MAKE UP REASONS TO STEAL PEOPLES RIGHTS~LET THEM DECIDE!
JUST MAKE THE CONSEQUENCES UNDESIREABLE IF ITS ILLEGAL!
⌚ TIME FOR US TO GO TO CHURCH💒",
"false","false","First & Foremost A Family Man and a Loving Husband to my Wifey; A Liberal Social Democrat; A Concerned Citizen; An Armchair News Junkie","https://pbs.twimg.com/profile_images/1259093704700125184/-lom92oI_normal.jpg","Michael Ng K T","1254024323750191104","MichaelNgKT1","203","0","1257340333031120900","Tue May 05 03:37:04 +0000 2020","👍🏽👍🏼👍🏾😷😷😷",,,,,,,,,,,,,,,,,,,,,,,,,,,,,,,,,,,,,,,,,,,,,,,,,,,,,,,,,,,,,,,,,,,,,,,,,,,,,,,,,,,,,,,,,,,,,,,,,,,,,,,,,,,,,,,,,,,,,,,,,,,,,,,,,,,,,,,,,,,,,,,,,,,,,,,,,,,,,,,,,,,,,,,,,,,,,,,,,,,,,,,,,,,,,,,,,,,,,,,,,,,"146569971","0","7","CDC","CDCgov",,,,,,,,,,,,,,,,,,,,,,,,,,"1257514624439562240","qme","0",,,,,,,,,,,,,,,,,,,,,,,,,,,,,,"0","0","0","active","@CDCgov 👍🏽👍🏼👍🏾😷😷😷",
"false","true","Proud grandmother who fights for rights of all. Teach your daughters to fight for their rights as a woman. #resist #bluewave2020 🌊🌊🌊🌊","https://pbs.twimg.com/profile_images/1447531443761131524/Bz6acI5V_normal.jpg","Broncos Country","28921247","angelbabesgrany","307","0","1257340333031120900","Mon May 04 23:50:59 +0000 2020","Wash your hands and insides with bleach or lysol. That's straight from the man in charge @realDonaldTrump .  #DisinfectantDonnie #TrumpLiesAmericansDie","125","144","DisinfectantDonnie","145","167","TrumpLiesAmericansDie",,,,,,,,,,,,,,,,,,,,,,,,,,,,,,,,,,,,,,,,,,,,,,,,,,,,,,,,,,,,,,,,,,,,,,,,,,,,,,,,,,,,,,,,,,,,,,,,,,,,,,,,,,,,,,,,,,,,,,,,,,,,,,,,,,,,,,,,,,,,,,,,,,,,,,,,,,,,,,,,,,,,,,,,,,,,,,,,,,,,,,,,,,,,,,,,,,,,,"146569971","0","7","CDC","CDCgov","1879651867288018944","8","15","First Lady Melania Trump","FLOTUS","25073877","105","121","Donald J. Trump","realDonaldTrump",,,,,,,,,,,,,,,,"1257457729985228800","en","1",,,,,,,,,,,,,,,,,,,,,,,,,,,,,,"0","1","0","active","@CDCgov @FLOTUS Wash your hands and insides with bleach or lysol. That's straight from the man in charge @realDonaldTrump .  #DisinfectantDonnie #TrumpLiesAmericansDie",
"false","true","Corona Scanner is an online dashboard which offers realtime Corona Virus statistics to raise awareness about the impact and spreading patterns of the virus.","https://pbs.twimg.com/profile_images/1247238262663643140/lCcyC212_normal.jpg","Corona Scanner","1235265381901750274","CoronaScanner","21976","0","1257340333031120900","Mon May 04 16:04:35 +0000 2020","https://t.co/SRcyw6ViUQ",,,,,,,,,,,,,,,,,,,,,,,,,,,,,,,,,,,,,,,,,,,,,,,,,,,,,,,,,,,,,,,,,,,,,,,,,,,,,,,,,,,,,,,,,,,,,,,,,,,,,,,,,,,,,,,,,,,,,,,,,,,,,,,,,,,,,,,,,,,,,,,,,,,,,,,,,,,,,,,,,,,,,,,,,,,,,,,,,,,,,,,,,,,,,,,,,,,,,,"corona-scanner.com/country/united…","https://corona-scanner.com/country/united-states-of-america","8","31","https://t.co/SRcyw6ViUQ","146569971","0","7","CDC","CDCgov",,,,,,,,,,,,,,,,,,,,,,,,,,"1257340355508408320","qme","0",,,,,,,,,,,,,,,,,,,,,,,,,,,,,,"1","1","0","active","@CDCgov https://t.co/SRcyw6ViUQ",
"false","false","rindu","https://pbs.twimg.com/profile_images/1239961058229366786/-d1nuby8_normal.jpg","Cuncun Haleyora","1229052801503776769","CHaleyora","0","0","1257340333031120900","Sat May 16 16:34:09 +0000 2020","Asyhaduallaillahaillolloh wa asyhaduanna Muhammad Rasulullah shalallahu alaihi wasallam",,,,,,,,,,,,,,,,,,,,,,,,,,,,,,,,,,,,,,,,,,,,,,,,,,,,,,,,,,,,,,,,,,,,,,,,,,,,,,,,,,,,,,,,,,,,,,,,,,,,,,,,,,,,,,,,,,,,,,,,,,,,,,,,,,,,,,,,,,,,,,,,,,,,,,,,,,,,,,,,,,,,,,,,,,,,,,,,,,,,,,,,,,,,,,,,,,,,,,,,,,,"146569971","0","7","CDC","CDCgov","1879651867288018944","8","15","First Lady Melania Trump","FLOTUS",,,,,,,,,,,,,,,,,,,,,"1261696450422927366","in","0",,,,,,,,,,,,,,,,,,,,,,,,"Indonesia","ID","Majalaya, Indonesia","https://api.twitter.com/1.1/geo/id/6791341b86965709.json","Majalaya","city","0","0","0","active","@CDCgov @FLOTUS Asyhaduallaillahaillolloh wa asyhaduanna Muhammad Rasulullah shalallahu alaihi wasallam",
"false","false","🖤","https://pbs.twimg.com/profile_images/1881928105477971968/wOC5fD1I_normal.jpg","🏴","820200322824105985","CaptainRhettB","22","0","1257340333031120900","Wed May 06 06:20:33 +0000 2020","Why is Don shutting down the task force...Doesn’t want to hear how many people you all are killing?",,,,,,,,,,,,,,,,,,,,,,,,,,,,,,,,,,,,,,,,,,,,,,,,,,,,,,,,,,,,,,,,,,,,,,,,,,,,,,,,,,,,,,,,,,,,,,,,,,,,,,,,,,,,,,,,,,,,,,,,,,,,,,,,,,,,,,,,,,,,,,,,,,,,,,,,,,,,,,,,,,,,,,,,,,,,,,,,,,,,,,,,,,,,,,,,,,,,,,,,,,,"146569971","0","7","CDC","CDCgov","1879651867288018944","8","15","First Lady Melania Trump","FLOTUS",,,,,,,,,,,,,,,,,,,,,"1257918151817396224","en","0",,,,,,,,,,,,,,,,,,,,,,,,"Indonesia","ID","Majalaya, Indonesia","https://api.twitter.com/1.1/geo/id/6791341b86965709.json","Majalaya","city","0","0","0","active","@CDCgov @FLOTUS Why is Don shutting down the task force...Doesn’t want to hear how many people you all are killing?",
"false","false","","https://abs.twimg.com/sticky/default_profile_images/default_profile_normal.png","louise st pierre","1067115036","louisestpierre4","32","0","1257340333031120900","Tue May 05 14:06:08 +0000 2020","Thus is exactly the OPPOSITE of what @realDonaldTrump is doing!   
Donnie is starting a road trip.
Remember- open up America regardless of the consequences!

It is only human life that is at stake- just numbers to Trump!!
Go about your normal lives- ignore CDC- that is the @GOP",,,,,,,,,,,,,,,,,,,,,,,,,,,,,,,,,,,,,,,,,,,,,,,,,,,,,,,,,,,,,,,,,,,,,,,,,,,,,,,,,,,,,,,,,,,,,,,,,,,,,,,,,,,,,,,,,,,,,,,,,,,,,,,,,,,,,,,,,,,,,,,,,,,,,,,,,,,,,,,,,,,,,,,,,,,,,,,,,,,,,,,,,,,,,,,,,,,,,,,,,,,"146569971","0","7","CDC","CDCgov","1879651867288018944","8","15","First Lady Melania Trump","FLOTUS","25073877","53","69","Donald J. Trump","realDonaldTrump","2046223166461136896","290","294","GOP","GOP",,,,,,,,,,,"1257672933264285698","en","0",,,,,,,,,,,,,,,,,,,,,,,,"Indonesia","ID","Majalaya, Indonesia","https://api.twitter.com/1.1/geo/id/6791341b86965709.json","Majalaya","city","0","0","0","active","@CDCgov @FLOTUS Thus is exactly the OPPOSITE of what @realDonaldTrump is doing!   
Donnie is starting a road trip.
Remember- open up America regardless of the consequences!

It is only human life that is at stake- just numbers to Trump!!
Go about your normal lives- ignore CDC- that is the @GOP",
"false","false","","https://pbs.twimg.com/profile_images/2269115861/a68cj78kzw1ighjooucj_normal.png","Mr Gogo","594834759","mrgogo4","75","0","1257340333031120900","Tue May 05 13:48:18 +0000 2020","“Wash your hands frequently”is such poor advice when offered so generically. If you are in your own home how does washing your hands all day makes any difference. Wash your hands when returning to your home,or after any exposure to outside products.",,,,,,,,,,,,,,,,,,,,,,,,,,,,,,,,,,,,,,,,,,,,,,,,,,,,,,,,,,,,,,,,,,,,,,,,,,,,,,,,,,,,,,,,,,,,,,,,,,,,,,,,,,,,,,,,,,,,,,,,,,,,,,,,,,,,,,,,,,,,,,,,,,,,,,,,,,,,,,,,,,,,,,,,,,,,,,,,,,,,,,,,,,,,,,,,,,,,,,,,,,,"146569971","0","7","CDC","CDCgov",,,,,,,,,,,,,,,,,,,,,,,,,,"1257668444129984515","en","0",,,,,,,,,,,,,,,,,,,,,,,,"Indonesia","ID","Majalaya, Indonesia","https://api.twitter.com/1.1/geo/id/6791341b86965709.json","Majalaya","city","0","0","0","active","@CDCgov “Wash your hands frequently”is such poor advice when offered so generically. If you are in your own home how does washing your hands all day makes any difference. Wash your hands when returning to your home,or after any exposure to outside products.",
"false","true","#IfIamthePrimeMinisterofIndia.......      
    #Fullpatriotismwholehumanity
       #पूर्णदेशभक्तिसंपूर्णमानवता 
         #शिक्षकसहसमाजसेवी","https://pbs.twimg.com/profile_images/1993098536003813377/3Sct26A5_normal.jpg","swami gopal baba स्वामी गोपाल बाबा","908601066136125440","swamigopalbaba","684","0","1257340333031120900","Tue May 05 12:48:52 +0000 2020","Absolutely right",,,,,,,,,,,,,,,,,,,,,,,,,,,,,,,,,,,,,,,,,,,,,,,,,,,,,,,,,,,,,,,,,,,,,,,,,,,,,,,,,,,,,,,,,,,,,,,,,,,,,,,,,,,,,,,,,,,,,,,,,,,,,,,,,,,,,,,,,,,,,,,,,,,,,,,,,,,,,,,,,,,,,,,,,,,,,,,,,,,,,,,,,,,,,,,,,,,,,,,,,,,"146569971","0","7","CDC","CDCgov","1879651867288018944","8","15","First Lady Melania Trump","FLOTUS",,,,,,,,,,,,,,,,,,,,,"1257653488798007296","en","1",,,,,,,,,,,,,,,,,,,,,,,,"Indonesia","ID","Majalaya, Indonesia","https://api.twitter.com/1.1/geo/id/6791341b86965709.json","Majalaya","city","0","0","0","active","@CDCgov @FLOTUS Absolutely right",
"false","false","A horny kangaroo
How good is that ....
Not a very quiet Australian","https://pbs.twimg.com/profile_images/1826442093/ozzy_bob_normal.jpg","Ozzy Bob","492023352","_ozzyRobert","92","0","1257340333031120900","Tue May 05 12:42:26 +0000 2020","Hey Melanie, so how do you avoid close contact with Donnie then?",,,,,,,,,,,,,,,,,,,,,,,,,,,,,,,,,,,,,,,,,,,,,,,,,,,,,,,,,,,,,,,,,,,,,,,,,,,,,,,,,,,,,,,,,,,,,,,,,,,,,,,,,,,,,,,,,,,,,,,,,,,,,,,,,,,,,,,,,,,,,,,,,,,,,,,,,,,,,,,,,,,,,,,,,,,,,,,,,,,,,,,,,,,,,,,,,,,,,,,,,,,"146569971","0","7","CDC","CDCgov","1879651867288018944","8","15","First Lady Melania Trump","FLOTUS",,,,,,,,,,,,,,,,,,,,,"1257651870262165505","en","0",,,,,,,,,,,,,,,,,,,,,,,,"Indonesia","ID","Majalaya, Indonesia","https://api.twitter.com/1.1/geo/id/6791341b86965709.json","Majalaya","city","0","0","0","active","@CDCgov @FLOTUS Hey Melanie, so how do you avoid close contact with Donnie then?",
"false","false","Comedian, writer, and world's only pencil musician","https://pbs.twimg.com/profile_images/640509850/DannyDechi__Show_normal.jpg","Danny Dechi","29391552","DannyDechi","1010","0","1257340333031120900","Tue May 05 05:21:54 +0000 2020","An internal #Trump administration report expects about 200,000 daily cases by June. The #WhiteHouse bars #coronavirus task force officials from testifying to Congress without approval.
https://t.co/uMnmKnRQrK","28","34","Trump","104","115","WhiteHouse","121","133","coronavirus",,,,,,,,,,,,,,,,,,,,,,,,,,,,,,,,,,,,,,,,,,,,,,,,,,,,,,,,,,,,,,,,,,,,,,,,,,,,,,,,,,,,,,,,,,,,,,,,,,,,,,,,,,,,,,,,,,,,,,,,,,,,,,,,,,,,,,,,,,,,,,,,,,,,,,,,,,,,,,,,,,,,,,,,,,,,,,,,,,,,,,,,,,,,,"nytimes.com/2020/05/04/us/…","https://www.nytimes.com/2020/05/04/us/coronavirus-live-updates.html","201","224","https://t.co/uMnmKnRQrK","146569971","0","7","CDC","CDCgov","1879651867288018944","8","15","First Lady Melania Trump","FLOTUS",,,,,,,,,,,,,,,,,,,,,"1257541006540464128","en","0",,,,,,,,,,,,,,,,,,,,,,,,"Indonesia","ID","Majalaya, Indonesia","https://api.twitter.com/1.1/geo/id/6791341b86965709.json","Majalaya","city","0","0","0","active","@CDCgov @FLOTUS An internal #Trump administration report expects about 200,000 daily cases by June. The #WhiteHouse bars #coronavirus task force officials from testifying to Congress without approval.
https://t.co/uMnmKnRQrK",
"false","false","Since 2005 https://t.co/w5eLZHH6RH has been delivering great shirts, hats, merchandise and memorabilia for the passionate fan in all of us. #sportscrack","https://pbs.twimg.com/profile_images/976845138227027968/Kk0-LHzk_normal.jpg","SportsCrack Apparel","20993680","sportscrack","2050","0","1257340333031120900","Tue May 05 02:46:47 +0000 2020","Made in 🇺🇸 REUSABLE ANTIBACTERIAL FACE MASK (1 PACK) https://t.co/kFiMqhUioy #staysafe","85","94","staysafe",,,,,,,,"pic.x.com/QWS0gFDJ0J","https://x.com/sportscrack/status/1257501968597241859/photo/1",,"Available",,,,,,,,,,,,,,,,,,,,,,,,,,,,,,,,,"1257501964163780608","95","118","3_1257501964163780608","3_1257501964163780608","https://pbs.twimg.com/media/EXOLX7ZWkAARUBv.jpg","573","1024","0","200","1024","1024","0","0","1024","898","0","0","1024","512","128","0","1024","1024","0","0","1024","1024","1024","fit","1024","1024","fit","1024","680","fit","680","150","crop","150","photo","https://t.co/QWS0gFDJ0J",,,,,,,,,,,,,,,,,,,,,,,,,,,,,,,,,,,,,,,,,,,,,,,,,,,,,,,,,,,,,,,,,,,,,,,,,,,,,,,,,,,,,,,,,,,,,,,,,,,,,,,,,,,,,,"sportscrack.com/products/reusa…","https://sportscrack.com/products/reusable-antibacterial-face-mask-1-pack-for-professionals","61","84","https://t.co/kFiMqhUioy","146569971","0","7","CDC","CDCgov",,,,,,,,,,,,,,,,,,,,,,,,,,"1257501968597241859","en","0","1257501964163780608","https://pbs.twimg.com/media/EXOLX7ZWkAARUBv.jpg",,,,,,,,,,,,,,,,,,,,,,"Indonesia","ID","Majalaya, Indonesia","https://api.twitter.com/1.1/geo/id/6791341b86965709.json","Majalaya","city","0","0","0","active","@CDCgov Made in 🇺🇸 REUSABLE ANTIBACTERIAL FACE MASK (1 PACK) https://t.co/kFiMqhUioy #staysafe https://t.co/QWS0gFDJ0J",
"false","true","","https://pbs.twimg.com/profile_images/1181619166668738560/5kNjMh-D_normal.jpg","SOY","3246373702","ixaariv10","643","0","1257340333031120900","Tue May 05 01:27:14 +0000 2020","Too late! Your husband is a failure he wants everything OPEN.",,,,,,,,,,,,,,,,,,,,,,,,,,,,,,,,,,,,,,,,,,,,,,,,,,,,,,,,,,,,,,,,,,,,,,,,,,,,,,,,,,,,,,,,,,,,,,,,,,,,,,,,,,,,,,,,,,,,,,,,,,,,,,,,,,,,,,,,,,,,,,,,,,,,,,,,,,,,,,,,,,,,,,,,,,,,,,,,,,,,,,,,,,,,,,,,,,,,,,,,,,,"146569971","0","7","CDC","CDCgov","1879651867288018944","8","15","First Lady Melania Trump","FLOTUS",,,,,,,,,,,,,,,,,,,,,"1257481952291991554","en","0",,,,,,,,,,,,,,,,,,,,,,,,"Indonesia","ID","Majalaya, Indonesia","https://api.twitter.com/1.1/geo/id/6791341b86965709.json","Majalaya","city","0","0","0","active","@CDCgov @FLOTUS Too late! Your husband is a failure he wants everything OPEN.",
"false","false","Trump conservative, Costco member, Health Physicist, God fearing member of the NRA
“HRC and Obama are felons!“","https://pbs.twimg.com/profile_images/1519690968189964293/CVdKF6P__normal.jpg","tilliespants","27125313","Tilliespants","116","0","1257340333031120900","Tue May 05 00:52:21 +0000 2020","Preface this statement with “if you are sick or contagious...” for accuracy. The healthy should just be able to resume their lives as normal.",,,,,,,,,,,,,,,,,,,,,,,,,,,,,,,,,,,,,,,,,,,,,,,,,,,,,,,,,,,,,,,,,,,,,,,,,,,,,,,,,,,,,,,,,,,,,,,,,,,,,,,,,,,,,,,,,,,,,,,,,,,,,,,,,,,,,,,,,,,,,,,,,,,,,,,,,,,,,,,,,,,,,,,,,,,,,,,,,,,,,,,,,,,,,,,,,,,,,,,,,,,"146569971","0","7","CDC","CDCgov","1879651867288018944","8","15","First Lady Melania Trump","FLOTUS",,,,,,,,,,,,,,,,,,,,,"1257473170971361280","en","0",,,,,,,,,,,,,,,,,,,,,,,,"Indonesia","ID","Majalaya, Indonesia","https://api.twitter.com/1.1/geo/id/6791341b86965709.json","Majalaya","city","0","0","0","active","@CDCgov @FLOTUS Preface this statement with “if you are sick or contagious...” for accuracy. The healthy should just be able to resume their lives as normal.",
"false","true","❌Love my country, love my family 🇺🇸 #Trump #45 #Melania #MAGA #TRUMP TRAIN 🚂 #KAG #SUPPORT VETERANS #SUPPORT MILITARY #SUPPORT POLICE. LOVE GOD🙏🏻❤️USA🇺🇸","https://pbs.twimg.com/profile_images/952389484351557632/PHeUDroG_normal.jpg","Opal","789670318579351552","941tweetheart","11680","0","1257340333031120900","Tue May 05 00:27:59 +0000 2020","Sorry @CDCgov but we just done believe or trust you anymore.",,,,,,,,,,,,,,,,,,,,,,,,,,,,,,,,,,,,,,,,,,,,,,,,,,,,,,,,,,,,,,,,,,,,,,,,,,,,,,,,,,,,,,,,,,,,,,,,,,,,,,,,,,,,,,,,,,,,,,,,,,,,,,,,,,,,,,,,,,,,,,,,,,,,,,,,,,,,,,,,,,,,,,,,,,,,,,,,,,,,,,,,,,,,,,,,,,,,,,,,,,,"146569971","0","7","CDC","CDCgov","146569971","24","31","CDC","CDCgov",,,,,,,,,,,,,,,,,,,,,"1257467040446676992","en","0",,,,,,,,,,,,,,,,,,,,,,,,"Indonesia","ID","Majalaya, Indonesia","https://api.twitter.com/1.1/geo/id/6791341b86965709.json","Majalaya","city","0","0","0","active","@CDCgov @hawes721 Sorry @CDCgov but we just done believe or trust you anymore.",
"false","false","95% awkardness. Civil Engineer, LSU graduate, retired. Married forever and ❤ my hubby.","https://pbs.twimg.com/profile_images/1335819673657618432/urSfhXxn_normal.jpg","Geeky Bully Romeo","181215894","bullyromeo","376","0","1257340333031120900","Tue May 05 00:10:43 +0000 2020","Tell your husband and other Republicans, wear a mask to protects others or be an ass wipe.  #bebest","108","115","bebest",,,,,,,,,,,,,,,,,,,,,,,,,,,,,,,,,,,,,,,,,,,,,,,,,,,,,,,,,,,,,,,,,,,,,,,,,,,,,,,,,,,,,,,,,,,,,,,,,,,,,,,,,,,,,,,,,,,,,,,,,,,,,,,,,,,,,,,,,,,,,,,,,,,,,,,,,,,,,,,,,,,,,,,,,,,,,,,,,,,,,,,,,,,,,,,,,,,,,,,,"146569971","0","7","CDC","CDCgov","1879651867288018944","8","15","First Lady Melania Trump","FLOTUS",,,,,,,,,,,,,,,,,,,,,"1257462695441416192","en","0",,,,,,,,,,,,,,,,,,,,,,,,"Indonesia","ID","Majalaya, Indonesia","https://api.twitter.com/1.1/geo/id/6791341b86965709.json","Majalaya","city","0","0","0","active","@CDCgov @FLOTUS Tell your husband and other Republicans, wear a mask to protects others or be an ass wipe.  #bebest",
"false","false","","https://pbs.twimg.com/profile_images/1809992012088975361/qIaPUXV3_normal.jpg","JnE🔆🇱🇷✝️🇱🇷✝️🇱🇷✝️🇱🇷","278289082","jbor073","164","0","1257340333031120900","Tue May 05 00:01:43 +0000 2020","Pretty much done listening to this bs.",,,,,,,,,,,,,,,,,,,,,,,,,,,,,,,,,,,,,,,,,,,,,,,,,,,,,,,,,,,,,,,,,,,,,,,,,,,,,,,,,,,,,,,,,,,,,,,,,,,,,,,,,,,,,,,,,,,,,,,,,,,,,,,,,,,,,,,,,,,,,,,,,,,,,,,,,,,,,,,,,,,,,,,,,,,,,,,,,,,,,,,,,,,,,,,,,,,,,,,,,,,"146569971","0","7","CDC","CDCgov","1879651867288018944","8","15","First Lady Melania Trump","FLOTUS",,,,,,,,,,,,,,,,,,,,,"1257460430349447169","en","2",,,,,,,,,,,,,,,,,,,,,,,,"Indonesia","ID","Majalaya, Indonesia","https://api.twitter.com/1.1/geo/id/6791341b86965709.json","Majalaya","city","0","0","0","active","@CDCgov @FLOTUS Pretty much done listening to this bs.",
"false","false","","https://pbs.twimg.com/profile_images/1456747143415443462/dsQXt9u-_normal.jpg","SBats","1218892081","suesbats","1228","0","1257340333031120900","Mon May 04 23:52:17 +0000 2020","No.",,,,,,,,,,,,,,,,,,,,,,,,,,,,,,,,,,,,,,,,,,,,,,,,,,,,,,,,,,,,,,,,,,,,,,,,,,,,,,,,,,,,,,,,,,,,,,,,,,,,,,,,,,,,,,,,,,,,,,,,,,,,,,,,,,,,,,,,,,,,,,,,,,,,,,,,,,,,,,,,,,,,,,,,,,,,,,,,,,,,,,,,,,,,,,,,,,,,,,,,,,,"146569971","0","7","CDC","CDCgov","799415594651099136","8","24","Scribbled Pages","ScribbledPages1",,,,,,,,,,,,,,,,,,,,,"1257458057077981186","und","0",,,,,,,,,,,,,,,,,,,,,,,,"Indonesia","ID","Majalaya, Indonesia","https://api.twitter.com/1.1/geo/id/6791341b86965709.json","Majalaya","city","0","0","0","active","@CDCgov @ScribbledPages1 No.",
"false","true","Don't underestimate the power of  দিন আনি দিন খাই কামলা🫣।

#মিম্ মি

Ji I do","https://pbs.twimg.com/profile_images/2055808598635057152/-rxTplNq_normal.jpg","Eva Trump","1242596373050122240","eipopy86","493","0","1257340333031120900","Mon May 04 23:50:49 +0000 2020","Thank you first Lady ♥️🇺🇸",,,,,,,,,,,,,,,,,,,,,,,,,,,,,,,,,,,,,,,,,,,,,,,,,,,,,,,,,,,,,,,,,,,,,,,,,,,,,,,,,,,,,,,,,,,,,,,,,,,,,,,,,,,,,,,,,,,,,,,,,,,,,,,,,,,,,,,,,,,,,,,,,,,,,,,,,,,,,,,,,,,,,,,,,,,,,,,,,,,,,,,,,,,,,,,,,,,,,,,,,,,"146569971","0","7","CDC","CDCgov","1879651867288018944","8","15","First Lady Melania Trump","FLOTUS",,,,,,,,,,,,,,,,,,,,,"1257457686741909504","en","1",,,,,,,,,,,,,,,,,,,,,,,,"Indonesia","ID","Majalaya, Indonesia","https://api.twitter.com/1.1/geo/id/6791341b86965709.json","Majalaya","city","0","0","0","active","@CDCgov @FLOTUS Thank you first Lady ♥️🇺🇸",
"false","false","Health Freedom, Pro-Life, Informed Consent and Parental Rights Advocate. Wife, Mother. Truth Freedom Health","https://pbs.twimg.com/profile_images/1410740608411574273/ki2Y450A_normal.jpg","Freethinking FL Mom","701700436","Jsmithjax","1704","0","1257340333031120900","Mon May 04 23:49:24 +0000 2020","Anti science . No . My doctors do not agree.",,,,,,,,,,,,,,,,,,,,,,,,,,,,,,,,,,,,,,,,,,,,,,,,,,,,,,,,,,,,,,,,,,,,,,,,,,,,,,,,,,,,,,,,,,,,,,,,,,,,,,,,,,,,,,,,,,,,,,,,,,,,,,,,,,,,,,,,,,,,,,,,,,,,,,,,,,,,,,,,,,,,,,,,,,,,,,,,,,,,,,,,,,,,,,,,,,,,,,,,,,,"146569971","0","7","CDC","CDCgov","1879651867288018944","8","15","First Lady Melania Trump","FLOTUS",,,,,,,,,,,,,,,,,,,,,"1257457328745525248","en","0",,,,,,,,,,,,,,,,,,,,,,,,"Indonesia","ID","Majalaya, Indonesia","https://api.twitter.com/1.1/geo/id/6791341b86965709.json","Majalaya","city","0","0","0","active","@CDCgov @FLOTUS Anti science . No . My doctors do not agree.",
"false","false","Wife, mother , conservative Republican! 🇺🇸 #MAGA #Trump2020","https://pbs.twimg.com/profile_images/1298053490397319169/7ftosErI_normal.jpg","Maggie1978","1239193125849108480","Maggie53211","475","0","1257340333031120900","Mon May 04 23:17:45 +0000 2020","Heck no! I haven’t been home this whole time. And no more stupid social distancing or lame masks that don’t work",,,,,,,,,,,,,,,,,,,,,,,,,,,,,,,,,,,,,,,,,,,,,,,,,,,,,,,,,,,,,,,,,,,,,,,,,,,,,,,,,,,,,,,,,,,,,,,,,,,,,,,,,,,,,,,,,,,,,,,,,,,,,,,,,,,,,,,,,,,,,,,,,,,,,,,,,,,,,,,,,,,,,,,,,,,,,,,,,,,,,,,,,,,,,,,,,,,,,,,,,,,"146569971","0","7","CDC","CDCgov",,,,,,,,,,,,,,,,,,,,,,,,,,"1257449363359633408","en","2",,,,,,,,,,,,,,,,,,,,,,,,"Indonesia","ID","Majalaya, Indonesia","https://api.twitter.com/1.1/geo/id/6791341b86965709.json","Majalaya","city","0","0","0","active","@CDCgov Heck no! I haven’t been home this whole time. And no more stupid social distancing or lame masks that don’t work",
"false","false","Private Investigator.","https://pbs.twimg.com/profile_images/1734005698801836032/Ju7yTnSO_normal.jpg","Ybor Drew","18531912","YborDrew","445","0","1257340333031120900","Mon May 04 22:26:40 +0000 2020","Thank you for finally updating the total number of Covid related deaths and showing Pneumonia deaths higher.  https://t.co/oGZ9Ot4UoG",,,,,,,,,,,,,,,,,,,,,,,,,,,,,,,,,,,,,,,,,,,,,,,,,,,,,,,,,,,,,,,,,,,,,,,,,,,,,,,,,,,,,,,,,,,,,,,,,,,,,,,,,,,,,,,,,,,,,,,,,,,,,,,,,,,,,,,,,,,,,,,,,,,,,,,,,,,,,,,,,,,,,,,,,,,,,,,,,,,,,,,,,,,,,,,,,,,,,,"cdc.gov/nchs/nvss/vsrr…","https://www.cdc.gov/nchs/nvss/vsrr/covid19/index.htm","118","141","https://t.co/oGZ9Ot4UoG","146569971","0","7","CDC","CDCgov",,,,,,,,,,,,,,,,,,,,,,,,,,"1257436507775930370","en","4",,,,,,,,,,,,,,,,,,,,,,,,"Indonesia","ID","Majalaya, Indonesia","https://api.twitter.com/1.1/geo/id/6791341b86965709.json","Majalaya","city","0","0","0","active","@CDCgov Thank you for finally updating the total number of Covid related deaths and showing Pneumonia deaths higher.  https://t.co/oGZ9Ot4UoG",
"false","false","Online Compliance Training courses for OSHA, Cal/OSHA, MSHA, IATA, DOT HAZMAT, EEOC, EPA, HIPAA, IMDG, WHS, and OHS regulations","https://pbs.twimg.com/profile_images/1833211785907724288/vz7gE7x8_normal.jpg","Compliance Training Online","820996025016025088","Compliance_CTO","135","0","1257340333031120900","Mon May 04 16:56:40 +0000 2020","Thank you @CDCgov",,,,,,,,,,,,,,,,,,,,,,,,,,,,,,,,,,,,,,,,,,,,,,,,,,,,,,,,,,,,,,,,,,,,,,,,,,,,,,,,,,,,,,,,,,,,,,,,,,,,,,,,,,,,,,,,,,,,,,,,,,,,,,,,,,,,,,,,,,,,,,,,,,,,,,,,,,,,,,,,,,,,,,,,,,,,,,,,,,,,,,,,,,,,,,,,,,,,,,,,,,,"146569971","0","7","CDC","CDCgov","19658936","8","21","CDC Emergency","CDCemergency","146569971","32","39","CDC","CDCgov",,,,,,,,,,,,,,,,"1257353460690944002","en","0",,,,,,,,,,,,,,,,,,,,,,,,,,,,,,"0","0","0","active","@CDCgov @CDCemergency Thank you @CDCgov",
