"author/blue_verified","author/can_dm","author/description","author/image","author/name","author/rest_id","author/screen_name","author/sub_count","bookmarks","conversation_id","created_at","display_text","entities/hashtags/0/indices/0","entities/hashtags/0/indices/1","entities/hashtags/0/text","entities/hashtags/1/indices/0","entities/hashtags/1/indices/1","entities/hashtags/1/text","entities/media/0/additional_media_info/monetizable","entities/media/0/display_url","entities/media/0/expanded_url","entities/media/0/ext_alt_text","entities/media/0/ext_media_availability/status","entities/media/0/features/large/faces/0/h","entities/media/0/features/large/faces/0/w","entities/media/0/features/large/faces/0/x","entities/media/0/features/large/faces/0/y","entities/media/0/features/large/faces/1/h","entities/media/0/features/large/faces/1/w","entities/media/0/features/large/faces/1/x","entities/media/0/features/large/faces/1/y","entities/media/0/features/medium/faces/0/h","entities/media/0/features/medium/faces/0/w","entities/media/0/features/medium/faces/0/x","entities/media/0/features/medium/faces/0/y","entities/media/0/features/medium/faces/1/h","entities/media/0/features/medium/faces/1/w","entities/media/0/features/medium/faces/1/x","entities/media/0/features/medium/faces/1/y","entities/media/0/features/orig/faces/0/h","entities/media/0/features/orig/faces/0/w","entities/media/0/features/orig/faces/0/x","entities/media/0/features/orig/faces/0/y","entities/media/0/features/orig/faces/1/h","entities/media/0/features/orig/faces/1/w","entities/media/0/features/orig/faces/1/x","entities/media/0/features/orig/faces/1/y","entities/media/0/features/small/faces/0/h","entities/media/0/features/small/faces/0/w","entities/media/0/features/small/faces/0/x","entities/media/0/features/small/faces/0/y","entities/media/0/features/small/faces/1/h","entities/media/0/features/small/faces/1/w","entities/media/0/features/small/faces/1/x","entities/media/0/features/small/faces/1/y","entities/media/0/id_str","entities/media/0/indices/0","entities/media/0/indices/1","entities/media/0/media_key","entities/media/0/media_results/result/media_key","entities/media/0/media_url_https","entities/media/0/original_info/focus_rects/0/h","entities/media/0/original_info/focus_rects/0/w","entities/media/0/original_info/focus_rects/0/x","entities/media/0/original_info/focus_rects/0/y","entities/media/0/original_info/focus_rects/1/h","entities/media/0/original_info/focus_rects/1/w","entities/media/0/original_info/focus_rects/1/x","entities/media/0/original_info/focus_rects/1/y","entities/media/0/original_info/focus_rects/2/h","entities/media/0/original_info/focus_rects/2/w","entities/media/0/original_info/focus_rects/2/x","entities/media/0/original_info/focus_rects/2/y","entities/media/0/original_info/focus_rects/3/h","entities/media/0/original_info/focus_rects/3/w","entities/media/0/original_info/focus_rects/3/x","entities/media/0/original_info/focus_rects/3/y","entities/media/0/original_info/focus_rects/4/h","entities/media/0/original_info/focus_rects/4/w","entities/media/0/original_info/focus_rects/4/x","entities/media/0/original_info/focus_rects/4/y","entities/media/0/original_info/height","entities/media/0/original_info/width","entities/media/0/sizes/large/h","entities/media/0/sizes/large/resize","entities/media/0/sizes/large/w","entities/media/0/sizes/medium/h","entities/media/0/sizes/medium/resize","entities/media/0/sizes/medium/w","entities/media/0/sizes/small/h","entities/media/0/sizes/small/resize","entities/media/0/sizes/small/w","entities/media/0/sizes/thumb/h","entities/media/0/sizes/thumb/resize","entities/media/0/sizes/thumb/w","entities/media/0/type","entities/media/0/url","entities/media/0/video_info/aspect_ratio/0","entities/media/0/video_info/aspect_ratio/1","entities/media/0/video_info/duration_millis","entities/media/0/video_info/variants/0/bitrate","entities/media/0/video_info/variants/0/content_type","entities/media/0/video_info/variants/0/url","entities/media/0/video_info/variants/1/bitrate","entities/media/0/video_info/variants/1/content_type","entities/media/0/video_info/variants/1/url","entities/media/0/video_info/variants/2/bitrate","entities/media/0/video_info/variants/2/content_type","entities/media/0/video_info/variants/2/url","entities/urls/0/display_url","entities/urls/0/expanded_url","entities/urls/0/indices/0","entities/urls/0/indices/1","entities/urls/0/url","entities/user_mentions/0/id_str","entities/user_mentions/0/indices/0","entities/user_mentions/0/indices/1","entities/user_mentions/0/name","entities/user_mentions/0/screen_name","entities/user_mentions/1/id_str","entities/user_mentions/1/indices/0","entities/user_mentions/1/indices/1","entities/user_mentions/1/name","entities/user_mentions/1/screen_name","id","lang","likes","media/photo/0/id","media/photo/0/media_url_https","media/video/0/aspect_ratio/0","media/video/0/aspect_ratio/1","media/video/0/duration","media/video/0/id","media/video/0/media_url_https","media/video/0/original_info/height","media/video/0/original_info/width","media/video/0/variants/0/bitrate","media/video/0/variants/0/content_type","media/video/0/variants/0/url","media/video/0/variants/1/bitrate","media/video/0/variants/1/content_type","media/video/0/variants/1/url","media/video/0/variants/2/bitrate","media/video/0/variants/2/content_type","media/video/0/variants/2/url","quotes","replies","retweets","status","text","views"
"false","true","Author and Cat Mom to Misha. A Bobtail kitten with Manx Syndrome.","https://pbs.twimg.com/profile_images/1507551605096427524/zyswA6ni_normal.jpg","Rebecca June/🐾Misha's Mama🐾","2749909363","GhostLdyTN","1335","2","1486021122089005058","Tue Jan 25 17:32:34 +0000 2022","Safe? Really? My boyfriend's father died of a heart attack due to a blood clot just days after receiving your ""safe and effective"" booster! 💔😢💔 Why don't you report how many people have died because of the shot? He left behind a wife of 53 yrs, 2 sons, and 5 grandchildren. 😢",,,,,,,,,,,,,,,,,,,,,,,,,,,,,,,,,,,,,,,,,,,,,,,,,,,,,,,,,,,,,,,,,,,,,,,,,,,,,,,,,,,,,,,,,,,,,,,,,,,,,,,"146569971","0","7","CDC","CDCgov",,,,,,"1486029238516043783","en","270",,,,,,,,,,,,,,,,,,,"3","10","71","active","@CDCgov Safe? Really? My boyfriend's father died of a heart attack due to a blood clot just days after receiving your ""safe and effective"" booster! 💔😢💔 Why don't you report how many people have died because of the shot? He left behind a wife of 53 yrs, 2 sons, and 5 grandchildren. 😢",
"true","false","Host of the #7 Celebrity Podcast | Professional Wrestler (PWI 500) | Helping businesses scale through strategic marketing and media expertise","https://pbs.twimg.com/profile_images/1678065411735138304/QqKTmhUg_normal.jpg","Neil Haley","38784416","themediagiant","48968","0","1486021122089005058","Wed Feb 23 20:29:06 +0000 2022","https://t.co/QiEEDi9gNT",,,,,,,,,,,,,,,,,,,,,,,,,,,,,,,,,,,,,,,,,,,,,,,,,,,,,,,,,,,,,,,,,,,,,,,,,,,,,,,,,,,,,,,,,,,,,,,,,,"youtu.be/rbIIsEKCoBw","https://youtu.be/rbIIsEKCoBw","8","31","https://t.co/QiEEDi9gNT","146569971","0","7","CDC","CDCgov",,,,,,"1496582913210658822","qme","0",,,,,,,,,,,,,,,,,,,"0","0","0","active","@CDCgov https://t.co/QiEEDi9gNT",
"false","false","Award needed for # of times booted. Just here for the laughs this go round. And the ""told you so's"".","https://pbs.twimg.com/profile_images/1485680725877829641/MWbGKKlO_normal.jpg","Kalyn","1476775076326486031","KalynThaGreat","12","1","1486021122089005058","Tue Jan 25 17:17:58 +0000 2022","So is this the new norm, changing the narrative daily and just hoping nobody notices?",,,,,,,,,,,,,,,,,,,,,,,,,,,,,,,,,,,,,,,,,,,,,,,,,,,,,,,,,,,,,,,,,,,,,,,,,,,,,,,,,,,,,,,,,,,,,,,,,,,,,,,"146569971","0","7","CDC","CDCgov",,,,,,"1486025565434007563","en","91",,,,,,,,,,,,,,,,,,,"0","1","1","active","@CDCgov So is this the new norm, changing the narrative daily and just hoping nobody notices?",
"true","false","🇺🇸 MAGA 🇺🇸 MAHA 🇺🇸 America 1st 🇺🇸 I will follow back all real people and I won’t DM you! SKÖL!","https://pbs.twimg.com/profile_images/1901724002101403648/lj5SXC7R_normal.jpg","🇺🇸 Maga Viking 🇺🇸","1468988338422132753","_MAGA_Viking","7564","0","1486021122089005058","Wed Jan 26 01:16:06 +0000 2022","4 people in my immediate family have had covid. 2 were vaxxed, 2 weren’t. It wasn’t that bad for any of us. 

But the vaccine killed my grandmother. So it doesn’t seem worth the risk.",,,,,,,,,,,,,,,,,,,,,,,,,,,,,,,,,,,,,,,,,,,,,,,,,,,,,,,,,,,,,,,,,,,,,,,,,,,,,,,,,,,,,,,,,,,,,,,,,,,,,,,"146569971","0","7","CDC","CDCgov",,,,,,"1486145893682323457","en","53",,,,,,,,,,,,,,,,,,,"0","3","0","active","@CDCgov 4 people in my immediate family have had covid. 2 were vaxxed, 2 weren’t. It wasn’t that bad for any of us. 

But the vaccine killed my grandmother. So it doesn’t seem worth the risk.",
"false","false","X","https://abs.twimg.com/sticky/default_profile_images/default_profile_normal.png","Jane","1483574833409572867","Jane73069899","4","0","1486021122089005058","Tue Jan 25 18:16:04 +0000 2022","Pfizer commercial every hour. Nice.",,,,,,,,,,,,,,,,,,,,,,,,,,,,,,,,,,,,,,,,,,,,,,,,,,,,,,,,,,,,,,,,,,,,,,,,,,,,,,,,,,,,,,,,,,,,,,,,,,,,,,,"146569971","0","7","CDC","CDCgov",,,,,,"1486040186458882056","en","33",,,,,,,,,,,,,,,,,,,"0","0","0","active","@CDCgov Pfizer commercial every hour. Nice.",
"false","false","#CanadianGenocide
#CanadianCrimesAgainstHumanity
#TheCrownDoesNotProtectTheCanadianConstitutionAct1982
#GovernmentofOntarioIsAProtectionRacket","https://pbs.twimg.com/profile_images/1711442897344598016/eMLfOz-z_normal.jpg","A Canada Goose (O Wah Ta Goo Siam)","17547430","arsimpulsum","535","0","1486021122089005058","Thu Feb 10 04:16:24 +0000 2022","Why don't you be honest and tell the American public that EUAs are NOT APPROVED NOR LICENSED MEDICINE and have their own special informed consent guidelines?",,,,,,,,,,,,,,,,,,,,,,,,,,,,,,,,,,,,,,,,,,,,,,,,,,,,,,,,,,,,,,,,,,,,,,,,,,,,,,,,,,,,,,,,,,,,,,,,,,,,,,,"146569971","0","7","CDC","CDCgov",,,,,,"1491627083331735556","en","26",,,,,,,,,,,,,,,,,,,"0","0","1","active","@CDCgov Why don't you be honest and tell the American public that EUAs are NOT APPROVED NOR LICENSED MEDICINE and have their own special informed consent guidelines?",
"true","true","","https://pbs.twimg.com/profile_images/977161913615421440/KukV192c_normal.jpg","Scott","110162096","Sandpuppy02","622","0","1486021122089005058","Thu Feb 03 16:22:19 +0000 2022","Then explain why everyone is having strokes? You are more likely to have a stroke after you get boosted just ask Betty white and Bob Sagot",,,,,,,,,,,,,,,,,,,,,,,,,,,,,,,,,,,,,,,,,,,,,,,,,,,,,,,,,,,,,,,,,,,,,,,,,,,,,,,,,,,,,,,,,,,,,,,,,,,,,,,"146569971","0","7","CDC","CDCgov",,,,,,"1489273052110196738","en","21",,,,,,,,,,,,,,,,,,,"0","1","1","active","@CDCgov Then explain why everyone is having strokes? You are more likely to have a stroke after you get boosted just ask Betty white and Bob Sagot",
"false","true","I'm a granddaughter of a #RosieTheRiveter that welded ships in San Francisco for #WWII","https://pbs.twimg.com/profile_images/1355285854453809153/9AyGBj9y_normal.jpg","U🇺🇸S🇺🇸A!","2345831796","USASMNR","665","0","1486021122089005058","Tue Jan 25 17:32:20 +0000 2022","",,,,,,,,"pic.x.com/6i3C1YYnsu","https://x.com/USASMNR/status/1486029179371986945/photo/1",,"Available","117","117","203","465","120","120","276","160","117","117","203","465","120","120","276","160","117","117","203","465","120","120","276","160","95","95","164","377","97","97","224","129","1486029175995580418","8","31","3_1486029175995580418","3_1486029175995580418","https://pbs.twimg.com/media/FJ9vqYkVQAIYju0.jpg","402","718","0","0","718","718","0","0","819","718","0","0","837","419","187","0","837","718","0","0","837","718","837","fit","718","837","fit","718","680","fit","583","150","crop","150","photo","https://t.co/6i3C1YYnsu",,,,,,,,,,,,,,,,,,"146569971","0","7","CDC","CDCgov",,,,,,"1486029179371986945","qme","18","1486029175995580418","https://pbs.twimg.com/media/FJ9vqYkVQAIYju0.jpg",,,,,,,,,,,,,,,,,"0","4","3","active","@CDCgov https://t.co/6i3C1YYnsu",
"false","false","1776 Patriot","https://abs.twimg.com/sticky/default_profile_images/default_profile_normal.png","Kate1776","1340726553416753152","Kate17761","196","0","1486021122089005058","Tue Jan 25 19:47:11 +0000 2022","What about antibodies?  When will the data be made public on the adverse effects?",,,,,,,,,,,,,,,,,,,,,,,,,,,,,,,,,,,,,,,,,,,,,,,,,,,,,,,,,,,,,,,,,,,,,,,,,,,,,,,,,,,,,,,,,,,,,,,,,,,,,,,"146569971","0","7","CDC","CDCgov",,,,,,"1486063116442120197","en","22",,,,,,,,,,,,,,,,,,,"0","0","0","active","@CDCgov What about antibodies?  When will the data be made public on the adverse effects?",
"false","false","Health-professional, NFT explorer, Life lover , occasional artist . 99%smiles","https://pbs.twimg.com/profile_images/2009133472816812032/tevHg-eD_normal.jpg","Tashi","1486472187858931712","Tashi_Health7","4122","0","1486021122089005058","Tue Feb 08 08:35:05 +0000 2022","How about rare cases if myocarditis? Not much data available on proceeding with boosters !",,,,,,,,,,,,,,,,,,,,,,,,,,,,,,,,,,,,,,,,,,,,,,,,,,,,,,,,,,,,,,,,,,,,,,,,,,,,,,,,,,,,,,,,,,,,,,,,,,,,,,,"146569971","0","7","CDC","CDCgov",,,,,,"1490967407615426566","en","17",,,,,,,,,,,,,,,,,,,"0","4","0","active","@CDCgov How about rare cases if myocarditis? Not much data available on proceeding with boosters !",
"false","false","somethin about fishin 
available on all platforms/ songwriter of kyledunnmusic's Hell on wheels
Verified @Spotify
married @LakeshiaMByrd","https://pbs.twimg.com/profile_images/877758339152838656/yv95pDJ__normal.jpg","Tim W. Byrd Official","3044848660","TimWByrdmusic","72718","0","1486021122089005058","Sat Jan 29 20:13:00 +0000 2022","Lol what ever keep pushing it ,I had covid sars 2 beat it no shots ,and kids .best bet beat it on your own or you will be taking these shots forever or until you die from them.",,,,,,,,,,,,,,,,,,,,,,,,,,,,,,,,,,,,,,,,,,,,,,,,,,,,,,,,,,,,,,,,,,,,,,,,,,,,,,,,,,,,,,,,,,,,,,,,,,,,,,,"146569971","0","7","CDC","CDCgov",,,,,,"1487519167599288324","en","18",,,,,,,,,,,,,,,,,,,"0","1","0","active","@CDCgov Lol what ever keep pushing it ,I had covid sars 2 beat it no shots ,and kids .best bet beat it on your own or you will be taking these shots forever or until you die from them.",
"false","false","","https://abs.twimg.com/sticky/default_profile_images/default_profile_normal.png","David C","3015955559","1_davidc","15","0","1486021122089005058","Thu Feb 10 04:17:02 +0000 2022","Eh. They're safe-ish and effective-ish. Let's just say there's a reason that there's a provision to get time off if the shot makes you sick, and a reason why there's a protocol for testing positive after the vaccine. Neither is at all rare.",,,,,,,,,,,,,,,,,,,,,,,,,,,,,,,,,,,,,,,,,,,,,,,,,,,,,,,,,,,,,,,,,,,,,,,,,,,,,,,,,,,,,,,,,,,,,,,,,,,,,,,"146569971","0","7","CDC","CDCgov",,,,,,"1491627243596099584","en","17",,,,,,,,,,,,,,,,,,,"0","1","0","active","@CDCgov Eh. They're safe-ish and effective-ish. Let's just say there's a reason that there's a provision to get time off if the shot makes you sick, and a reason why there's a protocol for testing positive after the vaccine. Neither is at all rare.",
"false","false","no. i don't want no scrub","https://pbs.twimg.com/profile_images/1422533187654209536/H-WcFko2_normal.jpg","briguy","110217846","lilb1814","145","0","1486021122089005058","Tue Jan 25 18:24:16 +0000 2022","then why are they starting trials for a new omicron-specific vaccine?",,,,,,,,,,,,,,,,,,,,,,,,,,,,,,,,,,,,,,,,,,,,,,,,,,,,,,,,,,,,,,,,,,,,,,,,,,,,,,,,,,,,,,,,,,,,,,,,,,,,,,,"146569971","0","7","CDC","CDCgov",,,,,,"1486042248638722050","en","17",,,,,,,,,,,,,,,,,,,"0","0","0","active","@CDCgov then why are they starting trials for a new omicron-specific vaccine?",
"false","false","Partner, Executive Vice President
Tri Town Commercial Advisors","https://pbs.twimg.com/profile_images/2027030832125284352/8cZXK9Z-_normal.jpg","Eric Szczepkowski","32860471","ezip13","380","0","1486021122089005058","Tue Jan 25 17:01:11 +0000 2022","Help me understand the logic.  The vaccine selling point is that it will reduce the chance of hospitalization.  Fine. But how does 1 person being vaccinated, have any effect on anyone else, and more importantly why does one need it to be able to go out and about?",,,,,,,,,,,,,,,,,,,,,,,,,,,,,,,,,,,,,,,,,,,,,,,,,,,,,,,,,,,,,,,,,,,,,,,,,,,,,,,,,,,,,,,,,,,,,,,,,,,,,,,"146569971","0","7","CDC","CDCgov",,,,,,"1486021343602786306","en","10",,,,,,,,,,,,,,,,,,,"0","2","0","active","@CDCgov Help me understand the logic.  The vaccine selling point is that it will reduce the chance of hospitalization.  Fine. But how does 1 person being vaccinated, have any effect on anyone else, and more importantly why does one need it to be able to go out and about?",
"false","false","","https://pbs.twimg.com/profile_images/947301261614891008/KA0IeawS_normal.jpg","Emily","151151463","jaxsandhaysmom","10","0","1486021122089005058","Tue Jan 25 17:46:41 +0000 2022","NO",,,,,,,,,,,,,,,,,,,,,,,,,,,,,,,,,,,,,,,,,,,,,,,,,,,,,,,,,,,,,,,,,,,,,,,,,,,,,,,,,,,,,,,,,,,,,,,,,,,,,,,"146569971","0","7","CDC","CDCgov",,,,,,"1486032791158484994","und","16",,,,,,,,,,,,,,,,,,,"0","0","0","active","@CDCgov NO",
"false","true","The dream is free. The hustle is sold separately. HODLER🤚🏽💎✋🏽 #DogeArmy Do Only Good Everyday #JLab 👨🏽‍🔬 ((🤙🏽))","https://pbs.twimg.com/profile_images/1829533453236232192/nSlW69gq_normal.jpg","Kiko","1275898006299181059","Juan89263538","76","0","1486021122089005058","Tue Jan 25 17:02:54 +0000 2022","",,,,,,,,"pic.x.com/vg7X9uT3Ej","https://x.com/Juan89263538/status/1486021775662235658/photo/1","Confused No GIF","Available",,,,,,,,,,,,,,,,,,,,,,,,,,,,,,,,,"1486021769056198665","8","31","16_1486021769056198665","16_1486021769056198665","https://pbs.twimg.com/tweet_video_thumb/FJ9o7PkXoAkRhV2.jpg",,,,,,,,,,,,,,,,,,,,,"364","498","364","fit","498","364","fit","498","364","fit","498","150","crop","150","animated_gif","https://t.co/vg7X9uT3Ej","249","182",,"0","video/mp4","https://video.twimg.com/tweet_video/FJ9o7PkXoAkRhV2.mp4",,,,,,,,,,,,"146569971","0","7","CDC","CDCgov",,,,,,"1486021775662235658","qme","12",,,"249","182",,"1486021769056198665","https://pbs.twimg.com/tweet_video_thumb/FJ9o7PkXoAkRhV2.jpg","364","498","0","video/mp4","https://video.twimg.com/tweet_video/FJ9o7PkXoAkRhV2.mp4",,,,,,,"0","0","0","active","@CDCgov https://t.co/vg7X9uT3Ej",
"false","true","#Jesus aka #Yeshua aka #Immanuel is my King 👑","https://pbs.twimg.com/profile_images/1378116183380140032/TM0SqVuK_normal.jpg","🥓Bits🥩Stacker🍳","997354025153712128","APOSTOL111111","1636","0","1486021122089005058","Tue Feb 08 12:33:11 +0000 2022","Crime against humanity",,,,,,,,,,,,,,,,,,,,,,,,,,,,,,,,,,,,,,,,,,,,,,,,,,,,,,,,,,,,,,,,,,,,,,,,,,,,,,,,,,,,,,,,,,,,,,,,,,,,,,,"146569971","0","7","CDC","CDCgov",,,,,,"1491027328528695299","en","9",,,,,,,,,,,,,,,,,,,"0","0","0","active","@CDCgov Crime against humanity",
"true","true","Love Dashuri BSW Spartan💚love🎵 Travelin Learning: Albanian🇦🇱🇽🇰& more about finances 💸self education~♡birthchild♡adoptee~ TBI warrior ❤️Duaje Veten❤️","https://pbs.twimg.com/profile_images/1869787133042405376/8ZKpYGMk_normal.jpg","Teelalove8","191330747","TeelaLove8","549","0","1486021122089005058","Wed Jan 26 03:07:57 +0000 2022","What about so many of the elderly passing away not long after they take the vaccine?",,,,,,,,,,,,,,,,,,,,,,,,,,,,,,,,,,,,,,,,,,,,,,,,,,,,,,,,,,,,,,,,,,,,,,,,,,,,,,,,,,,,,,,,,,,,,,,,,,,,,,,"146569971","0","7","CDC","CDCgov",,,,,,"1486174041161572353","en","10",,,,,,,,,,,,,,,,,,,"0","0","0","active","@CDCgov What about so many of the elderly passing away not long after they take the vaccine?",
"false","false","me and my guitar","https://pbs.twimg.com/profile_images/1621612484019847168/lLhKu0JW_normal.jpg","Rdessoye98","2739811231","robert_dessoye","356","0","1486021122089005058","Thu Feb 10 05:11:28 +0000 2022","How did people ever believe something is 100% have they never took a science class or listened to anyone with intelligence, get the vaccine save front line workers",,,,,,,,,,,,,,,,,,,,,,,,,,,,,,,,,,,,,,,,,,,,,,,,,,,,,,,,,,,,,,,,,,,,,,,,,,,,,,,,,,,,,,,,,,,,,,,,,,,,,,,"146569971","0","7","CDC","CDCgov",,,,,,"1491640941903552515","en","6",,,,,,,,,,,,,,,,,,,"0","13","0","active","@CDCgov How did people ever believe something is 100% have they never took a science class or listened to anyone with intelligence, get the vaccine save front line workers",
"false","false","","https://pbs.twimg.com/profile_images/1390480862597222403/5dZUj7ug_normal.jpg","AKRDH","1389645897835941890","kramer_RDH","109","0","1486021122089005058","Tue Jan 25 17:04:46 +0000 2022","BS! You know the truth!",,,,,,,,,,,,,,,,,,,,,,,,,,,,,,,,,,,,,,,,,,,,,,,,,,,,,,,,,,,,,,,,,,,,,,,,,,,,,,,,,,,,,,,,,,,,,,,,,,,,,,,"146569971","0","7","CDC","CDCgov",,,,,,"1486022243889172488","en","6",,,,,,,,,,,,,,,,,,,"0","0","0","active","@CDCgov BS! You know the truth!",
"false","false","","https://pbs.twimg.com/profile_images/1484543791877050374/9o-6qHhi_normal.jpg","J_Alpha","1484540561214382087","JAlpha45824022","2","0","1486021122089005058","Tue Jan 25 21:52:42 +0000 2022","I REALLY WISH Y’ALL WOULD STOP FUCKING LYING🙄🤦🏾‍♀️",,,,,,,,,,,,,,,,,,,,,,,,,,,,,,,,,,,,,,,,,,,,,,,,,,,,,,,,,,,,,,,,,,,,,,,,,,,,,,,,,,,,,,,,,,,,,,,,,,,,,,,"146569971","0","7","CDC","CDCgov",,,,,,"1486094702613082118","en","6",,,,,,,,,,,,,,,,,,,"0","0","0","active","@CDCgov I REALLY WISH Y’ALL WOULD STOP FUCKING LYING🙄🤦🏾‍♀️",
"false","true","Web3 unthinker.
Falling down rabbit holes, breaking things, and pretending it was all part of the plan.","https://pbs.twimg.com/profile_images/2019135580441882624/zhCIFUI-_normal.jpg","The White Rabbit","1358868488077643786","thewhiterabbitM","2314","0","1486021122089005058","Tue Jan 25 21:38:48 +0000 2022","",,,,,,,,"pic.x.com/jh4Bf8aOQf","https://x.com/Jancker83475682/status/1486091205847003140/photo/1",,"Available","457","457","35","39",,,,,"457","457","35","39",,,,,"457","457","35","39",,,,,"457","457","35","39",,,,,"1486091204215332867","8","31","3_1486091204215332867","3_1486091204215332867","https://pbs.twimg.com/media/FJ-oE5sWYAMLH9R.png","299","534","0","51","534","534","0","0","534","468","33","0","534","267","134","0","534","534","0","0","534","534","534","fit","534","534","fit","534","534","fit","534","150","crop","150","photo","https://t.co/jh4Bf8aOQf",,,,,,,,,,,,,,,,,,"146569971","0","7","CDC","CDCgov",,,,,,"1486091205847003140","qme","5","1486091204215332867","https://pbs.twimg.com/media/FJ-oE5sWYAMLH9R.png",,,,,,,,,,,,,,,,,"0","0","0","active","@CDCgov https://t.co/jh4Bf8aOQf",
"false","false","They Say I Look Like Usher When I'm Trappin' In The Rain","https://pbs.twimg.com/profile_images/1463143895588610056/SW6oNXNq_normal.jpg","~Raptors2k19~King Kudi","976908492702298112","Lance_Grimmez","163","0","1486021122089005058","Tue Feb 08 14:09:59 +0000 2022","Effective maybe but safe? Where are the misinformation police?!",,,,,,,,"pic.x.com/hgl3LK8mA1","https://x.com/Lance_Grimmez/status/1491051689469644803/photo/1","Help Police GIF","Available",,,,,,,,,,,,,,,,,,,,,,,,,,,,,,,,,"1491051681924145159","72","95","16_1491051681924145159","16_1491051681924145159","https://pbs.twimg.com/tweet_video_thumb/FLFHmtLWYAcpCcx.jpg",,,,,,,,,,,,,,,,,,,,,"498","498","498","fit","498","498","fit","498","498","fit","498","150","crop","150","animated_gif","https://t.co/hgl3LK8mA1","1","1",,"0","video/mp4","https://video.twimg.com/tweet_video/FLFHmtLWYAcpCcx.mp4",,,,,,,,,,,,"146569971","0","7","CDC","CDCgov",,,,,,"1491051689469644803","en","3",,,"1","1",,"1491051681924145159","https://pbs.twimg.com/tweet_video_thumb/FLFHmtLWYAcpCcx.jpg","498","498","0","video/mp4","https://video.twimg.com/tweet_video/FLFHmtLWYAcpCcx.mp4",,,,,,,"0","0","0","active","@CDCgov Effective maybe but safe? Where are the misinformation police?! https://t.co/hgl3LK8mA1",
"false","false","views are my own... not anti vax just don’t be gullible, the proof is out there most people don’t need it","https://pbs.twimg.com/profile_images/1991262574571106304/ulBYf86o_normal.jpg","TheFacts","29211670","wombat4all","289","0","1486021122089005058","Tue Feb 08 14:25:30 +0000 2022","Why are you still peddling this vax garbage after admitting they can cause heart issues? and natural immunity is far better? oh....pfizer $$ checks. almost forgot.",,,,,,,,,,,,,,,,,,,,,,,,,,,,,,,,,,,,,,,,,,,,,,,,,,,,,,,,,,,,,,,,,,,,,,,,,,,,,,,,,,,,,,,,,,,,,,,,,,,,,,,"146569971","0","7","CDC","CDCgov",,,,,,"1491055593431318530","en","2",,,,,,,,,,,,,,,,,,,"0","0","0","active","@CDCgov Why are you still peddling this vax garbage after admitting they can cause heart issues? and natural immunity is far better? oh....pfizer $$ checks. almost forgot.",
"false","true","Down to earth here
Reality
Science
Education 
Surgical 
Medical 
Laboratory
#WearYourMask
#GopDeathCult 
#WeDeserveBetter
#WeAreAmericansFirst
My opinion tweets","https://pbs.twimg.com/profile_images/1299830944170487812/L1v6D0s6_normal.jpg","Sissy: science literate","2753273942","030784sarah","49","0","1486021122089005058","Thu Feb 10 15:52:20 +0000 2022","Court order on Pfizer to release data. We are seeing the reports. No gag order for 75 years. FDA CDC scrambling now.",,,,,,,,,,,,,,,,,,,,,,,,,,,,,,,,,,,,,,,,,,,,,,,,,,,,,,,,,,,,,,,,,,,,,,,,,,,,,,,,,,,,,,,,,,,,,,,,,,,,,,,"146569971","0","7","CDC","CDCgov",,,,,,"1491802222069305348","en","3",,,,,,,,,,,,,,,,,,,"0","0","0","active","@CDCgov Court order on Pfizer to release data. We are seeing the reports. No gag order for 75 years. FDA CDC scrambling now.",
"false","false","Share things I see","https://pbs.twimg.com/profile_images/1332712744752123904/ud2B9SFc_normal.jpg","DetectiveBorat","1332711707756597250","BoratDetective","104","0","1486021122089005058","Tue Feb 08 09:54:32 +0000 2022","Sceptical - at the start of jab roll out MSM and manufactures were saying you could catch bit spread if you got jab. We know this isn’t true “now” was a conspiracy to think otherwise bk then. Ur picture says it’s proven to be safe. (Agree its been effective) - is it really safe?",,,,,,,,,,,,,,,,,,,,,,,,,,,,,,,,,,,,,,,,,,,,,,,,,,,,,,,,,,,,,,,,,,,,,,,,,,,,,,,,,,,,,,,,,,,,,,,,,,,,,,,"146569971","0","7","CDC","CDCgov",,,,,,"1490987402680283137","en","2",,,,,,,,,,,,,,,,,,,"0","2","0","active","@CDCgov Sceptical - at the start of jab roll out MSM and manufactures were saying you could catch bit spread if you got jab. We know this isn’t true “now” was a conspiracy to think otherwise bk then. Ur picture says it’s proven to be safe. (Agree its been effective) - is it really safe?",
"false","true","Emancipate yourself from mental slavery, none but ourselves can free our minds. - Robert Nesta Marley via Marcus Garvey.","https://pbs.twimg.com/profile_images/1876078079602556928/KXpZIWPD_normal.png","Alchemist 🧙🏽‍♂️🇵🇷🇵🇸🇷🇺🇨🇳🇲🇽🤙","72636784","drcaban","487","0","1486021122089005058","Thu Feb 10 08:23:27 +0000 2022","stop your lies.",,,,,,,,,,,,,,,,,,,,,,,,,,,,,,,,,,,,,,,,,,,,,,,,,,,,,,,,,,,,,,,,,,,,,,,,,,,,,,,,,,,,,,,,,,,,,,,,,,,,,,,"146569971","0","7","CDC","CDCgov",,,,,,"1491689256036691969","en","1",,,,,,,,,,,,,,,,,,,"0","0","0","active","@CDCgov stop your lies.",
"false","false","Sometimes reply to something political.  Don't follow if that offends.","https://pbs.twimg.com/profile_images/1923381720960634880/xMrQehmP_normal.jpg","Moderately Amused","1462945126536421385","Coog4Life67","169","0","1486021122089005058","Thu Feb 10 15:35:07 +0000 2022","If you want to be transparent.  Compare Covid injuries in unvaccinated children 5 to 12 years old with Covid vaccine shot injuries.   If the rate of injury, hospitalization and death for getting the shot is higher than getting Covid (for children), parents should know this.",,,,,,,,,,,,,,,,,,,,,,,,,,,,,,,,,,,,,,,,,,,,,,,,,,,,,,,,,,,,,,,,,,,,,,,,,,,,,,,,,,,,,,,,,,,,,,,,,,,,,,,"146569971","0","7","CDC","CDCgov",,,,,,"1491797887470104579","en","2",,,,,,,,,,,,,,,,,,,"0","0","0","active","@CDCgov If you want to be transparent.  Compare Covid injuries in unvaccinated children 5 to 12 years old with Covid vaccine shot injuries.   If the rate of injury, hospitalization and death for getting the shot is higher than getting Covid (for children), parents should know this.",
"false","false","","https://abs.twimg.com/sticky/default_profile_images/default_profile_normal.png","Mike McDonald","749338320","mikemicmac01","2","0","1486021122089005058","Wed Feb 09 02:44:01 +0000 2022","Eat a full bag of them",,,,,,,,,,,,,,,,,,,,,,,,,,,,,,,,,,,,,,,,,,,,,,,,,,,,,,,,,,,,,,,,,,,,,,,,,,,,,,,,,,,,,,,,,,,,,,,,,,,,,,,"146569971","0","7","CDC","CDCgov",,,,,,"1491241447559151617","en","1",,,,,,,,,,,,,,,,,,,"0","0","0","active","@CDCgov Eat a full bag of them",
"false","false","","https://abs.twimg.com/sticky/default_profile_images/default_profile_normal.png","tess","1408515327311462401","tess07041768","5","0","1486021122089005058","Thu Feb 10 15:47:38 +0000 2022","Safe and effective? Maybe for some but not for the over 100,000 people who have died worldwide from this jab. There is no one size fits all. Not everyone needs this jab. And it should be VOLUNTARY!!  Nuremberg 2.0 can’t come fast enough.",,,,,,,,,,,,,,,,,,,,,,,,,,,,,,,,,,,,,,,,,,,,,,,,,,,,,,,,,,,,,,,,,,,,,,,,,,,,,,,,,,,,,,,,,,,,,,,,,,,,,,,"146569971","0","7","CDC","CDCgov",,,,,,"1491801037312720901","en","1",,,,,,,,,,,,,,,,,,,"0","0","0","active","@CDCgov Safe and effective? Maybe for some but not for the over 100,000 people who have died worldwide from this jab. There is no one size fits all. Not everyone needs this jab. And it should be VOLUNTARY!!  Nuremberg 2.0 can’t come fast enough.",
"false","false","Truth is stranger than fiction. Free your mind.","https://pbs.twimg.com/profile_images/1438511211914563589/Zghx4iuy_normal.jpg","nikolec","1305222676642959360","Sentinelibra","5","0","1486021122089005058","Thu Feb 10 04:43:33 +0000 2022","🤣🤣🤣🤣🤣",,,,,,,,,,,,,,,,,,,,,,,,,,,,,,,,,,,,,,,,,,,,,,,,,,,,,,,,,,,,,,,,,,,,,,,,,,,,,,,,,,,,,,,,,,,,,,,,,,,,,,,"146569971","0","7","CDC","CDCgov",,,,,,"1491633914812813312","qme","1",,,,,,,,,,,,,,,,,,,"0","0","0","active","@CDCgov 🤣🤣🤣🤣🤣",
"false","true","Management Consultant. Mediator. Educator. Economics Professor. Affordable Housing Developer Builder Problem Solver","https://pbs.twimg.com/profile_images/1702391867436924928/m6rtcWB__normal.jpg","Elmer Eubanks","17511495","elmereubanks","761","0","1486021122089005058","Thu Feb 10 21:43:02 +0000 2022","How effective when 73 of my family died after the 3rd shot? Others have had blood clots, inflamed lymph nodes, inflamed digestive tract etc. Ages range from 22-100 so yea, very effective",,,,,,,,,,,,,,,,,,,,,,,,,,,,,,,,,,,,,,,,,,,,,,,,,,,,,,,,,,,,,,,,,,,,,,,,,,,,,,,,,,,,,,,,,,,,,,,,,,,,,,,"146569971","0","7","CDC","CDCgov",,,,,,"1491890475946676224","en","1",,,,,,,,,,,,,,,,,,,"0","0","0","active","@CDCgov How effective when 73 of my family died after the 3rd shot? Others have had blood clots, inflamed lymph nodes, inflamed digestive tract etc. Ages range from 22-100 so yea, very effective",
"false","false","Uncensored","https://pbs.twimg.com/profile_images/1350784636666998784/kDdBpUQV_normal.jpg","Puerto ricans for freedom 🗣️","1350784482534678528","RicansJ","33","0","1486021122089005058","Thu Feb 10 12:20:37 +0000 2022","Well, my aunt, my cousin, my mechanic, and 3 employees of my buddy's business are dead within weeks of taking the experimental injections.  It's not a vaccine, it's a death shot",,,,,,,,,,,,,,,,,,,,,,,,,,,,,,,,,,,,,,,,,,,,,,,,,,,,,,,,,,,,,,,,,,,,,,,,,,,,,,,,,,,,,,,,,,,,,,,,,,,,,,,"146569971","0","7","CDC","CDCgov",,,,,,"1491748941993549826","en","1",,,,,,,,,,,,,,,,,,,"0","0","0","active","@CDCgov Well, my aunt, my cousin, my mechanic, and 3 employees of my buddy's business are dead within weeks of taking the experimental injections.  It's not a vaccine, it's a death shot",
"false","false","Fight fire with fire","https://pbs.twimg.com/profile_images/2034983557765181440/vIbvUfE4_normal.jpg","Jimi Elvis","1481340541778501646","jimielvis73","257","0","1486021122089005058","Tue Jan 25 23:17:31 +0000 2022","#IchooseCOVAXIN https://t.co/rZmbogupFu","8","23","IchooseCOVAXIN",,,,,,,,,,,,,,,,,,,,,,,,,,,,,,,,,,,,,,,,,,,,,,,,,,,,,,,,,,,,,,,,,,,,,,,,,,,,,,,,,,,,,,,,,,,,,,,"ocugen.com/wp-content/upl…","https://ocugen.com/wp-content/uploads/2022/01/Ocugen-Covaxin.mp4","24","47","https://t.co/rZmbogupFu","146569971","0","7","CDC","CDCgov",,,,,,"1486116047489019909","qme","1",,,,,,,,,,,,,,,,,,,"0","0","0","active","@CDCgov #IchooseCOVAXIN https://t.co/rZmbogupFu",
"false","false","Elitist Scumbag


https://t.co/EvWk0dG7Hf","https://pbs.twimg.com/profile_images/1428886843794157569/iVLuI7gh_normal.jpg","No, My Name is Grizz","1428886320575700995","frankenracula","52","0","1486021122089005058","Fri Feb 11 01:25:53 +0000 2022","Israel are on its 4th booster and still seeing surges in cases. These vaccines aren’t working. Simple as that",,,,,,,,,,,,,,,,,,,,,,,,,,,,,,,,,,,,,,,,,,,,,,,,,,,,,,,,,,,,,,,,,,,,,,,,,,,,,,,,,,,,,,,,,,,,,,,,,,,,,,,"146569971","0","7","CDC","CDCgov",,,,,,"1491946558274686976","en","1",,,,,,,,,,,,,,,,,,,"0","0","0","active","@CDCgov Israel are on its 4th booster and still seeing surges in cases. These vaccines aren’t working. Simple as that",
"false","false","","https://pbs.twimg.com/profile_images/1742231772400627712/EZfR-FFx_normal.jpg","Typhus 1618","1461759400654381057","1618Typhus","67","0","1486021122089005058","Thu Feb 10 12:24:48 +0000 2022","wait I thought saying vaccinated people can still get covid was misinformation when did that change?",,,,,,,,,,,,,,,,,,,,,,,,,,,,,,,,,,,,,,,,,,,,,,,,,,,,,,,,,,,,,,,,,,,,,,,,,,,,,,,,,,,,,,,,,,,,,,,,,,,,,,,"146569971","0","7","CDC","CDCgov",,,,,,"1491749991894986752","en","0",,,,,,,,,,,,,,,,,,,"0","0","0","active","@CDCgov wait I thought saying vaccinated people can still get covid was misinformation when did that change?",
"false","false","","https://pbs.twimg.com/profile_images/1763594823028645889/FrVGuF5J_normal.jpg","Faith J","1426427475005947905","FaithJordannnn","26","0","1486021122089005058","Thu Feb 10 19:49:26 +0000 2022","🤮🤢🤮🤢🤮🤮🤮🤮🤮🤮🤮🤮",,,,,,,,,,,,,,,,,,,,,,,,,,,,,,,,,,,,,,,,,,,,,,,,,,,,,,,,,,,,,,,,,,,,,,,,,,,,,,,,,,,,,,,,,,,,,,,,,,,,,,,"146569971","0","7","CDC","CDCgov",,,,,,"1491861890925940747","qme","0",,,,,,,,,,,,,,,,,,,"0","0","0","active","@CDCgov 🤮🤢🤮🤢🤮🤮🤮🤮🤮🤮🤮🤮",
"false","true","I do something cool, now and again

Female
Dog owner
Nurse 
Gamer (Destiny, phone games)
I love beaches 🌊⛵🏝

Ladyjennifer89@gmail.com","https://pbs.twimg.com/profile_images/1834877170399035392/_tj-zT8Y_normal.jpg","Jennifer","159367644","PinwheelDaisies","6","0","1486021122089005058","Fri Feb 11 02:15:33 +0000 2022","IMPEACH NOW!",,,,,,,,,,,,,,,,,,,,,,,,,,,,,,,,,,,,,,,,,,,,,,,,,,,,,,,,,,,,,,,,,,,,,,,,,,,,,,,,,,,,,,,,,,,,,,,,,,,,,,,"146569971","0","7","CDC","CDCgov",,,,,,"1491959058928001028","en","0",,,,,,,,,,,,,,,,,,,"0","0","0","active","@CDCgov IMPEACH NOW!",
"false","true","I do something cool, now and again

Female
Dog owner
Nurse 
Gamer (Destiny, phone games)
I love beaches 🌊⛵🏝

Ladyjennifer89@gmail.com","https://pbs.twimg.com/profile_images/1834877170399035392/_tj-zT8Y_normal.jpg","Jennifer","159367644","PinwheelDaisies","6","0","1486021122089005058","Fri Feb 11 02:15:16 +0000 2022","Can you shut the FUCK up. Those injections are killing people; our brains are mush. Stop it. We have had enough of you. Sincerely --- Everybody",,,,,,,,,,,,,,,,,,,,,,,,,,,,,,,,,,,,,,,,,,,,,,,,,,,,,,,,,,,,,,,,,,,,,,,,,,,,,,,,,,,,,,,,,,,,,,,,,,,,,,,"146569971","0","7","CDC","CDCgov",,,,,,"1491958987448717314","en","0",,,,,,,,,,,,,,,,,,,"0","0","0","active","@CDCgov Can you shut the FUCK up. Those injections are killing people; our brains are mush. Stop it. We have had enough of you. Sincerely --- Everybody",
"false","false","fr ong 🙏","https://pbs.twimg.com/profile_images/1646890723793330179/GOEVdTMl_normal.jpg","aj","1317255521146208256","bigbrainaj","19","0","1486021122089005058","Wed Jan 26 15:44:15 +0000 2022","Balls or some shit idk man",,,,,,,,,,,,,,,,,,,,,,,,,,,,,,,,,,,,,,,,,,,,,,,,,,,,,,,,,,,,,,,,,,,,,,,,,,,,,,,,,,,,,,,,,,,,,,,,,,,,,,,"146569971","0","7","CDC","CDCgov",,,,,,"1486364369286057988","en","0",,,,,,,,,,,,,,,,,,,"0","0","0","active","@CDCgov Balls or some shit idk man",
"false","true","The federal government is a terrorist organization.","https://pbs.twimg.com/profile_images/1461379342584496131/dVvDFZAc_normal.jpg","AdAstra","1442667848946552834","AdAstra10829232","2","0","1486021122089005058","Thu Feb 10 19:59:27 +0000 2022","@CDCgov Data continue to show that you can go fuck yourselves.",,,,,,,,,,,,,,,,,,,,,,,,,,,,,,,,,,,,,,,,,,,,,,,,,,,,,,,,,,,,,,,,,,,,,,,,,,,,,,,,,,,,,,,,,,,,,,,,,,,,,,,"146569971","0","7","CDC","CDCgov","146569971","8","15","CDC","CDCgov","1491864410834542597","en","0",,,,,,,,,,,,,,,,,,,"0","0","0","active","@CDCgov @CDCgov Data continue to show that you can go fuck yourselves.",
"false","false","Don't talk to strangers","https://pbs.twimg.com/profile_images/1441038481107660804/du9P8vab_normal.jpg","《☆°•Spikedjelly•°☆》","1441019829125791744","KenyPerky","11","0","1486021122089005058","Thu Feb 10 14:30:57 +0000 2022","Fuck you. 
 Why would I get a booster when y'all lied to me about the first set of shots I got last spring?",,,,,,,,,,,,,,,,,,,,,,,,,,,,,,,,,,,,,,,,,,,,,,,,,,,,,,,,,,,,,,,,,,,,,,,,,,,,,,,,,,,,,,,,,,,,,,,,,,,,,,,"146569971","0","7","CDC","CDCgov",,,,,,"1491781741765406724","en","0",,,,,,,,,,,,,,,,,,,"0","0","0","active","@CDCgov Fuck you. 
 Why would I get a booster when y'all lied to me about the first set of shots I got last spring?",
"false","false","My wit","https://pbs.twimg.com/profile_images/1481847293133443072/OiwspURF_normal.jpg","kevin delahunty","1472761139784208389","kevindelahunty7","52","0","1486021122089005058","Thu Jan 27 02:19:11 +0000 2022","#IchooseCOVAXIN #fdaremovethehold","8","23","IchooseCOVAXIN","24","41","fdaremovethehold",,,,,,,,,,,,,,,,,,,,,,,,,,,,,,,,,,,,,,,,,,,,,,,,,,,,,,,,,,,,,,,,,,,,,,,,,,,,,,,,,,,,,,,,,,,,,,,,,"146569971","0","7","CDC","CDCgov",,,,,,"1486524153922572290","qme","0",,,,,,,,,,,,,,,,,,,"0","0","0","active","@CDCgov #IchooseCOVAXIN #fdaremovethehold",
"false","false","There is no man so wicked that he cannot come home.
Nor so good that he passes each test","https://pbs.twimg.com/profile_images/2066977381290516480/IjCY6x74_normal.jpg","Pete Williams","806347454484541440","pete51754","551","1","1486021122089005058","Tue Jan 25 17:06:12 +0000 2022","Here comes the experts.",,,,,,,,"pic.x.com/ptSIuKRmLh","https://x.com/pete51754/status/1486022605043810305/photo/1",,"Available",,,,,,,,,,,,,,,,,,,,,,,,,,,,,,,,,"1486022602946662400","32","55","3_1486022602946662400","3_1486022602946662400","https://pbs.twimg.com/media/FJ9pryDWUAAb48a.png","403","720","0","124","720","720","0","0","766","672","48","0","766","383","325","0","766","720","0","0","766","720","766","fit","720","766","fit","720","680","fit","639","150","crop","150","photo","https://t.co/ptSIuKRmLh",,,,,,,,,,,,,,,,,,"146569971","0","7","CDC","CDCgov",,,,,,"1486022605043810305","en","16","1486022602946662400","https://pbs.twimg.com/media/FJ9pryDWUAAb48a.png",,,,,,,,,,,,,,,,,"0","5","0","active","@CDCgov Here comes the experts. https://t.co/ptSIuKRmLh",
"false","false","Artist/Musician 🧬 Creating. GUITAR 🎸+ 🔊 Audio-Reactive Visuals 💫 HAMILY 🌊 🍖🫂","https://pbs.twimg.com/profile_images/1817793939199463424/kR9AlDJy_normal.jpg","MΛӾ 🎵","1476677332966547459","MAXUTTON","1696","0","1486021122089005058","Fri Feb 11 00:01:46 +0000 2022","""safe and effective""  - except for those that have side effects, but those are the ones we do not speak of.",,,,,,,,,,,,,,,,,,,,,,,,,,,,,,,,,,,,,,,,,,,,,,,,,,,,,,,,,,,,,,,,,,,,,,,,,,,,,,,,,,,,,,,,,,,,,,,,,,,,,,,"146569971","0","7","CDC","CDCgov",,,,,,"1491925391451246592","en","0",,,,,,,,,,,,,,,,,,,"0","0","0","active","@CDCgov ""safe and effective""  - except for those that have side effects, but those are the ones we do not speak of.",
"false","false","""Leave the gun,take the cannoli"".Mom,Gmom,dog mom.Thugs like Trump & Putin won't stop until they're stopped🚫DM @whatsrealhere2@bsky.social🦋","https://pbs.twimg.com/profile_images/1355184866644480003/tVltBVrX_normal.jpg","cathy adams🇺🇦🇵🇸🇬🇱🟦⚖️🦅","319099962","whatsrealhere","1226","0","1486021122089005058","Thu Feb 10 03:53:51 +0000 2022","This should really trigger the anti vax community, with their ignorance of science they'll all be screaming ""We knew it, the CDC lied!""😁",,,,,,,,,,,,,,,,,,,,,,,,,,,,,,,,,,,,,,,,,,,,,,,,,,,,,,,,,,,,,,,,,,,,,,,,,,,,,,,,,,,,,,,,,,,,,,,,,,,,,,,"146569971","0","7","CDC","CDCgov",,,,,,"1491621408773836804","en","0",,,,,,,,,,,,,,,,,,,"0","2","0","active","@CDCgov This should really trigger the anti vax community, with their ignorance of science they'll all be screaming ""We knew it, the CDC lied!""😁",
"false","true","is trust earned or given?

is it bad to question, the unquestionable?

are we a random accident or something more?

can we ever truly know?","https://pbs.twimg.com/profile_images/1943822093511974912/5Qy1itQT_normal.jpg","Harry Hudson JR","2365460692","Da_BuDMaN","140","0","1486021122089005058","Fri Feb 11 00:52:55 +0000 2022","I'll take my chances, thanks for caring tho...",,,,,,,,,,,,,,,,,,,,,,,,,,,,,,,,,,,,,,,,,,,,,,,,,,,,,,,,,,,,,,,,,,,,,,,,,,,,,,,,,,,,,,,,,,,,,,,,,,,,,,,"146569971","0","7","CDC","CDCgov",,,,,,"1491938264315568130","en","0",,,,,,,,,,,,,,,,,,,"0","0","0","active","@CDCgov I'll take my chances, thanks for caring tho...",
"false","false","Husband and Father 👨‍👩‍👧 Loud and Proud Ginger 👨🏻‍🦰 Sushi Lover 🍣 I say what we're all thinking 🧠 Peasant King 👑 Smoker 🚬 Chess Player ♟️","https://pbs.twimg.com/profile_images/1655359493172076547/BaqVoUqW_normal.jpg","Flesh & Bone","1410842359","Platinum107","600","0","1486021122089005058","Thu Feb 10 20:50:14 +0000 2022","All these anti vax dummies commenting on this thread is priceless. You know you idiots got vaccinated as babies if you lived in the US and went to school as a child. But from the comments very few of you paid attention in class. 🤣😂🤣",,,,,,,,,,,,,,,,,,,,,,,,,,,,,,,,,,,,,,,,,,,,,,,,,,,,,,,,,,,,,,,,,,,,,,,,,,,,,,,,,,,,,,,,,,,,,,,,,,,,,,,"146569971","0","7","CDC","CDCgov",,,,,,"1491877191134633987","en","0",,,,,,,,,,,,,,,,,,,"0","0","0","active","@CDCgov All these anti vax dummies commenting on this thread is priceless. You know you idiots got vaccinated as babies if you lived in the US and went to school as a child. But from the comments very few of you paid attention in class. 🤣😂🤣",
"false","false","","https://pbs.twimg.com/profile_images/673240605451902976/w9fune6F_normal.jpg","Blanca","498033881","blancatoronto","1526","0","1486021122089005058","Thu Feb 10 20:24:57 +0000 2022","",,,,,,,,"pic.x.com/oh0zRABCL3","https://x.com/blancatoronto/status/1491870825896677390/photo/1","Clown Smile GIF","Available",,,,,,,,,,,,,,,,,,,,,,,,,,,,,,,,,"1491870820620247044","8","31","16_1491870820620247044","16_1491870820620247044","https://pbs.twimg.com/tweet_video_thumb/FLQwm2nXIAQCKhv.jpg",,,,,,,,,,,,,,,,,,,,,"328","498","328","fit","498","328","fit","498","328","fit","498","150","crop","150","animated_gif","https://t.co/oh0zRABCL3","249","164",,"0","video/mp4","https://video.twimg.com/tweet_video/FLQwm2nXIAQCKhv.mp4",,,,,,,,,,,,"146569971","0","7","CDC","CDCgov",,,,,,"1491870825896677390","qme","0",,,"249","164",,"1491870820620247044","https://pbs.twimg.com/tweet_video_thumb/FLQwm2nXIAQCKhv.jpg","328","498","0","video/mp4","https://video.twimg.com/tweet_video/FLQwm2nXIAQCKhv.mp4",,,,,,,"0","0","0","active","@CDCgov https://t.co/oh0zRABCL3",
"false","false","Traditional Catholic dad and husband. TLMer, Latin botcher, 1/7th vegetarian. +JMJ+","https://pbs.twimg.com/profile_images/1548154155524431873/Dgux33Om_normal.jpg","(re)vert","1012323867413680128","rvrcty_cdl","158","0","1486021122089005058","Thu Feb 10 19:17:57 +0000 2022","Literally none of your 4 points above are factual.",,,,,,,,,,,,,,,,,,,,,,,,,,,,,,,,,,,,,,,,,,,,,,,,,,,,,,,,,,,,,,,,,,,,,,,,,,,,,,,,,,,,,,,,,,,,,,,,,,,,,,,"146569971","0","7","CDC","CDCgov",,,,,,"1491853967554490369","en","0",,,,,,,,,,,,,,,,,,,"0","0","0","active","@CDCgov Literally none of your 4 points above are factual.",
"false","true","","https://pbs.twimg.com/profile_images/461257345184833537/LUBf0cDi_normal.jpeg","Alex Rivera","2517642868","alexrivera2141","112","0","1486021122089005058","Thu Feb 10 13:23:06 +0000 2022","",,,,,,,,"pic.x.com/wBSdTvr86f","https://x.com/alexrivera2141/status/1491764664597991424/photo/1","Kyrie Irving What GIF by Brooklyn Nets","Available",,,,,,,,,,,,,,,,,,,,,,,,,,,,,,,,,"1491764657278926853","8","31","16_1491764657278926853","16_1491764657278926853","https://pbs.twimg.com/tweet_video_thumb/FLPQDVWXwAU7ykv.jpg",,,,,,,,,,,,,,,,,,,,,"228","406","228","fit","406","228","fit","406","228","fit","406","150","crop","150","animated_gif","https://t.co/wBSdTvr86f","203","114",,"0","video/mp4","https://video.twimg.com/tweet_video/FLPQDVWXwAU7ykv.mp4",,,,,,,,,,,,"146569971","0","7","CDC","CDCgov",,,,,,"1491764664597991424","qme","0",,,"203","114",,"1491764657278926853","https://pbs.twimg.com/tweet_video_thumb/FLPQDVWXwAU7ykv.jpg","228","406","0","video/mp4","https://video.twimg.com/tweet_video/FLPQDVWXwAU7ykv.mp4",,,,,,,"0","0","0","active","@CDCgov https://t.co/wBSdTvr86f",
"false","true","I am for the TRUTH, no matter who tells it. I am for JUSTICE, no matter who it is for or against.","https://pbs.twimg.com/profile_images/990961464973422592/x5DDQTKs_normal.jpg","Simone💎","21627580","Nyc1Simone","960","0","1486021122089005058","Fri Feb 11 02:40:36 +0000 2022","So they don’t get sued",,,,,,,,,,,,,,,,,,,,,,,,,,,,,,,,,,,,,,,,,,,,,,,,,,,,,,,,,,,,,,,,,,,,,,,,,,,,,,,,,,,,,,,,,,,,,,,,,,,,,,,"146569971","0","7","CDC","CDCgov",,,,,,"1491965363000537090","en","0",,,,,,,,,,,,,,,,,,,"0","0","0","active","@CDCgov So they don’t get sued",
"false","false","No Excuses.","https://pbs.twimg.com/profile_images/721463270109028352/JUXeFxO0_normal.jpg","Juma009","721461012025573376","Juma_009","103","0","1486021122089005058","Thu Feb 10 16:19:15 +0000 2022","When you cant achieve a goal, easy, change the goal",,,,,,,,,,,,,,,,,,,,,,,,,,,,,,,,,,,,,,,,,,,,,,,,,,,,,,,,,,,,,,,,,,,,,,,,,,,,,,,,,,,,,,,,,,,,,,,,,,,,,,,"146569971","0","7","CDC","CDCgov",,,,,,"1491808994889015301","en","0",,,,,,,,,,,,,,,,,,,"0","0","0","active","@CDCgov When you cant achieve a goal, easy, change the goal",
"false","false","","https://pbs.twimg.com/profile_images/1337348202631213060/ImmmzS_L_normal.jpg",".","33660782","exZACKly","566","0","1486021122089005058","Thu Feb 10 09:47:40 +0000 2022","Lol. Suckers",,,,,,,,,,,,,,,,,,,,,,,,,,,,,,,,,,,,,,,,,,,,,,,,,,,,,,,,,,,,,,,,,,,,,,,,,,,,,,,,,,,,,,,,,,,,,,,,,,,,,,,"146569971","0","7","CDC","CDCgov",,,,,,"1491710448625983488","en","0",,,,,,,,,,,,,,,,,,,"0","0","0","active","@CDCgov Lol. Suckers",
"false","true","❤️ There's no way that the things I asked, and the things I used to pray for, would exist in human form - except that you're here. ❤️","https://pbs.twimg.com/profile_images/1770196529845821440/nYXr6w65_normal.jpg","Humanity in Poetry","418467902","poetryhumanity","777","0","1486021122089005058","Thu Feb 10 03:44:25 +0000 2022","https://t.co/7Z4Rc7vJhT",,,,,,,,,,,,,,,,,,,,,,,,,,,,,,,,,,,,,,,,,,,,,,,,,,,,,,,,,,,,,,,,,,,,,,,,,,,,,,,,,,,,,,,,,,,,,,,,,,"rumble.com/vrs2be-trust-t…","https://rumble.com/vrs2be-trust-the-science-storiesfromunvaxxed.html","8","31","https://t.co/7Z4Rc7vJhT","146569971","0","7","CDC","CDCgov",,,,,,"1491619036165193730","qme","0",,,,,,,,,,,,,,,,,,,"0","0","0","active","@CDCgov https://t.co/7Z4Rc7vJhT",
"false","false","Just doing my own thing.","https://pbs.twimg.com/profile_images/1477416420300316676/gUJ1-b89_normal.jpg","Legion","1477415135010439169","WeAreLegion86","42","0","1486021122089005058","Thu Feb 10 21:13:42 +0000 2022","Meanwhile, they ignore natural immunity.",,,,,,,,,,,,,,,,,,,,,,,,,,,,,,,,,,,,,,,,,,,,,,,,,,,,,,,,,,,,,,,,,,,,,,,,,,,,,,,,,,,,,,,,,,,,,,,,,,,,,,,"146569971","0","7","CDC","CDCgov",,,,,,"1491883094252535816","en","0",,,,,,,,,,,,,,,,,,,"0","0","0","active","@CDCgov Meanwhile, they ignore natural immunity.",
"false","false","X","https://abs.twimg.com/sticky/default_profile_images/default_profile_normal.png","Jane","1483574833409572867","Jane73069899","4","0","1486021122089005058","Tue Jan 25 17:04:08 +0000 2022","Data shows vaccines don’t prevent infection, don’t stop the spread, and have some serious side effects.",,,,,,,,,,,,,,,,,,,,,,,,,,,,,,,,,,,,,,,,,,,,,,,,,,,,,,,,,,,,,,,,,,,,,,,,,,,,,,,,,,,,,,,,,,,,,,,,,,,,,,,"146569971","0","7","CDC","CDCgov",,,,,,"1486022083826143244","en","20",,,,,,,,,,,,,,,,,,,"0","1","0","active","@CDCgov Data shows vaccines don’t prevent infection, don’t stop the spread, and have some serious side effects.",
"false","false","X","https://abs.twimg.com/sticky/default_profile_images/default_profile_normal.png","Jane","1483574833409572867","Jane73069899","4","0","1486021122089005058","Tue Jan 25 17:02:53 +0000 2022","Stop with the propaganda already.",,,,,,,,,,,,,,,,,,,,,,,,,,,,,,,,,,,,,,,,,,,,,,,,,,,,,,,,,,,,,,,,,,,,,,,,,,,,,,,,,,,,,,,,,,,,,,,,,,,,,,,"146569971","0","7","CDC","CDCgov",,,,,,"1486021768816967683","en","10",,,,,,,,,,,,,,,,,,,"0","0","0","active","@CDCgov Stop with the propaganda already.",
"false","false","Never derelict in my social duties. Though I object to intellect without discipline. I object to power without constructive purpose.","https://pbs.twimg.com/profile_images/1461783715814813712/mrLBM_wY_normal.jpg","Truth Seeker 777","1390301956024016897","watcher_woods","4","1","1486021122089005058","Mon Jan 31 06:21:37 +0000 2022","",,,,,,,"false","pic.x.com/6KIUWXQzD6","https://x.com/watcher_woods/status/1488034716867612675/video/1",,"Available",,,,,,,,,,,,,,,,,,,,,,,,,,,,,,,,,"1488034620847411202","8","31","7_1488034620847411202","7_1488034620847411202","https://pbs.twimg.com/ext_tw_video_thumb/1488034620847411202/pu/img/saJy6lq0y3ejxPOG.jpg",,,,,,,,,,,,,,,,,,,,,"480","480","480","fit","480","480","fit","480","480","fit","480","150","crop","150","video","https://t.co/6KIUWXQzD6","1","1","45000",,"application/x-mpegURL","https://video.twimg.com/ext_tw_video/1488034620847411202/pu/pl/uYLWvSmfzbrqpTB7.m3u8?tag=12","432000","video/mp4","https://video.twimg.com/ext_tw_video/1488034620847411202/pu/vid/320x320/JB4rf0w_hvy2ZBAK.mp4?tag=12","832000","video/mp4","https://video.twimg.com/ext_tw_video/1488034620847411202/pu/vid/480x480/bQqY3FetwB_1fU31.mp4?tag=12",,,,,,"146569971","0","7","CDC","CDCgov",,,,,,"1488034716867612675","qme","9",,,"1","1","45000","1488034620847411202","https://pbs.twimg.com/ext_tw_video_thumb/1488034620847411202/pu/img/saJy6lq0y3ejxPOG.jpg","480","480",,"application/x-mpegURL","https://video.twimg.com/ext_tw_video/1488034620847411202/pu/pl/uYLWvSmfzbrqpTB7.m3u8?tag=12","432000","video/mp4","https://video.twimg.com/ext_tw_video/1488034620847411202/pu/vid/320x320/JB4rf0w_hvy2ZBAK.mp4?tag=12","832000","video/mp4","https://video.twimg.com/ext_tw_video/1488034620847411202/pu/vid/480x480/bQqY3FetwB_1fU31.mp4?tag=12","1","0","2","active","@CDCgov https://t.co/6KIUWXQzD6",
"false","true","Odė gyvenimui. 🫠 
Tai memą įmetu, tai kažkokias naujienas įvykius amžiais komentuoju.

Long $ASTS","https://pbs.twimg.com/profile_images/1858149784369954816/mzdrLWIm_normal.jpg","Robokopas","973411708457947138","robokopas","292","0","1486021122089005058","Tue Jan 25 17:03:15 +0000 2022","https://t.co/H1WDXzCSdY",,,,,,,,,,,,,,,,,,,,,,,,,,,,,,,,,,,,,,,,,,,,,,,,,,,,,,,,,,,,,,,,,,,,,,,,,,,,,,,,,,,,,,,,,,,,,,,,,,"marketwatch.com/story/south-af…","https://www.marketwatch.com/story/south-africa-study-shows-boosters-failed-to-block-omicron-bolstering-case-for-face-masks-distancing-and-hand-washing-11642693727","8","31","https://t.co/H1WDXzCSdY","146569971","0","7","CDC","CDCgov",,,,,,"1486021862387814400","qme","9",,,,,,,,,,,,,,,,,,,"0","0","0","active","@CDCgov https://t.co/H1WDXzCSdY",
"false","false","","https://pbs.twimg.com/profile_images/1635230954921816065/WNQs-HNh_normal.jpg","Sean","151425648","5eany73","20","0","1486021122089005058","Thu Feb 10 10:59:02 +0000 2022","Effective 🤣🤣🤣🤦🏼‍♂️. 🐍’s",,,,,,,,"pic.x.com/fQuRQeuS8k","https://x.com/5eany73/status/1491728407666827264/photo/1",,"Available",,,,,,,,,,,,,,,,,,,,,,,,,,,,,,,,,"1491728402268790786","32","55","3_1491728402268790786","3_1491728402268790786","https://pbs.twimg.com/media/FLOvFA6XoAIoiTK.jpg","654","1168","0","0","1168","1168","0","0","1332","1168","0","0","1548","774","197","0","1548","1168","0","0","1548","1168","1548","fit","1168","1200","fit","905","680","fit","513","150","crop","150","photo","https://t.co/fQuRQeuS8k",,,,,,,,,,,,,,,,,,"146569971","0","7","CDC","CDCgov",,,,,,"1491728407666827264","en","3","1491728402268790786","https://pbs.twimg.com/media/FLOvFA6XoAIoiTK.jpg",,,,,,,,,,,,,,,,,"0","0","2","active","@CDCgov Effective 🤣🤣🤣🤦🏼‍♂️. 🐍’s https://t.co/fQuRQeuS8k",
"false","false","Max. I have to keep changing my affiliation. Officially Independent. Conceptual analytics expert.","https://pbs.twimg.com/profile_images/1337941087105769472/pP2XedQJ_normal.jpg","Hammurabi vs. USA","1196130378681143296","Max01144337","132","0","1486021122089005058","Tue Jan 25 22:19:51 +0000 2022","No one on this planet can prove these synthetic mRNA codes are safe on any level long term. In fact pfizer never released the data on what they are withholding. You need at least 15-20 years to see if they cause disease later. Like asbestos. And they aren’t vaccines at all.",,,,,,,,,,,,,,,,,,,,,,,,,,,,,,,,,,,,,,,,,,,,,,,,,,,,,,,,,,,,,,,,,,,,,,,,,,,,,,,,,,,,,,,,,,,,,,,,,,,,,,,"146569971","0","7","CDC","CDCgov",,,,,,"1486101536971317252","en","5",,,,,,,,,,,,,,,,,,,"0","0","1","active","@CDCgov No one on this planet can prove these synthetic mRNA codes are safe on any level long term. In fact pfizer never released the data on what they are withholding. You need at least 15-20 years to see if they cause disease later. Like asbestos. And they aren’t vaccines at all.",
"true","false","HCP, teacher, wife to HCP, Mom, Daughter, Sister. Sharing information and life.","https://pbs.twimg.com/profile_images/1667208035473735688/u-lzEKby_normal.jpg","Abi- normal🤣","50718576","askaweiss","476","0","1486021122089005058","Tue Jan 25 17:31:01 +0000 2022","Natural immunity is more effective. I’m vaccinated n boosted n COVID positive. My husband who is a physician is sick now. Please explain to people that the vaccine does not prevent the spread of the virus but ONLY lessens the severity if that. We r not vaccinating healthy kids.",,,,,,,,,,,,,,,,,,,,,,,,,,,,,,,,,,,,,,,,,,,,,,,,,,,,,,,,,,,,,,,,,,,,,,,,,,,,,,,,,,,,,,,,,,,,,,,,,,,,,,,"146569971","0","7","CDC","CDCgov",,,,,,"1486028850874269705","en","5",,,,,,,,,,,,,,,,,,,"0","0","0","active","@CDCgov Natural immunity is more effective. I’m vaccinated n boosted n COVID positive. My husband who is a physician is sick now. Please explain to people that the vaccine does not prevent the spread of the virus but ONLY lessens the severity if that. We r not vaccinating healthy kids.",
"false","false","Truth is Treason in an Empire of Lies","https://pbs.twimg.com/profile_images/1482102200289542144/pvIxzeuU_normal.jpg","Truth Audit","1481836545799688192","TruthAudit","3","0","1486021122089005058","Tue Jan 25 17:07:17 +0000 2022","Fake news",,,,,,,,,,,,,,,,,,,,,,,,,,,,,,,,,,,,,,,,,,,,,,,,,,,,,,,,,,,,,,,,,,,,,,,,,,,,,,,,,,,,,,,,,,,,,,,,,,,,,,,"146569971","0","7","CDC","CDCgov",,,,,,"1486022878499786755","en","2",,,,,,,,,,,,,,,,,,,"0","0","0","active","@CDCgov Fake news",
"false","false","","https://pbs.twimg.com/profile_images/1313547920105500672/pZ2-bcd3_normal.jpg","thersimicus","1313547676001198083","eliezergarzon","29","0","1486021122089005058","Tue Jan 25 17:03:17 +0000 2022","#misinformation","8","23","misinformation",,,,,,,,,,,,,,,,,,,,,,,,,,,,,,,,,,,,,,,,,,,,,,,,,,,,,,,,,,,,,,,,,,,,,,,,,,,,,,,,,,,,,,,,,,,,,,,,,,,,"146569971","0","7","CDC","CDCgov",,,,,,"1486021872068317189","qme","3",,,,,,,,,,,,,,,,,,,"0","0","0","active","@CDCgov #misinformation",
"false","false","","https://pbs.twimg.com/profile_images/1476671700678885377/rKTyY39V_normal.jpg","Texas Scrap","1476671233127239688","HJC_AUTOSALVAGE","24","0","1486021122089005058","Tue Jan 25 18:30:47 +0000 2022","#COVAXIN_USA Quit with the bullshit Pfizer and Moderna sales pitch ! Approve Covaxin a vaccine that works and does not have these horrible side affects. I took Moderna and have been to the doctor more times in recent weeks than my whole life. 🤬","8","20","COVAXIN_USA",,,,,,,,,,,,,,,,,,,,,,,,,,,,,,,,,,,,,,,,,,,,,,,,,,,,,,,,,,,,,,,,,,,,,,,,,,,,,,,,,,,,,,,,,,,,,,,,,,,,"146569971","0","7","CDC","CDCgov",,,,,,"1486043892084527115","en","4",,,,,,,,,,,,,,,,,,,"0","0","0","active","@CDCgov #COVAXIN_USA Quit with the bullshit Pfizer and Moderna sales pitch ! Approve Covaxin a vaccine that works and does not have these horrible side affects. I took Moderna and have been to the doctor more times in recent weeks than my whole life. 🤬",
"false","false","","https://pbs.twimg.com/profile_images/1639500749716574208/r2gdC4zz_normal.jpg","I V A N","546252937","magister_uk","111","0","1486021122089005058","Thu Feb 10 04:28:55 +0000 2022","",,,,,,,,"pic.x.com/al94V4yej9","https://x.com/magister_uk/status/1491630232339632136/photo/1",,"Available",,,,,,,,,,,,,,,,,,,,,,,,,,,,,,,,,"1491630135539388417","8","31","3_1491630135539388417","3_1491630135539388417","https://pbs.twimg.com/media/FLNVtI0X0AEF5Bq.jpg","491","877","0","747","877","877","0","403","1000","877","0","280","1280","640","160","0","1280","877","0","0","1280","877","1280","fit","877","1200","fit","822","680","fit","466","150","crop","150","photo","https://t.co/al94V4yej9",,,,,,,,,,,,,,,,,,"146569971","0","7","CDC","CDCgov",,,,,,"1491630232339632136","qme","3","1491630135539388417","https://pbs.twimg.com/media/FLNVtI0X0AEF5Bq.jpg",,,,,,,,,,,,,,,,,"0","0","0","active","@CDCgov https://t.co/al94V4yej9",
"false","false","","https://pbs.twimg.com/profile_images/1648811706720854016/3Hgy0PgA_normal.jpg","EdeDab","1024159290183974912","bad_ede","2","0","1486021122089005058","Tue Jan 25 18:53:57 +0000 2022","And people that have been vaccinated and/or infected with Omicron have also natural immunity; therefore, natural immunity should be equivalent for vaccination.",,,,,,,,,,,,,,,,,,,,,,,,,,,,,,,,,,,,,,,,,,,,,,,,,,,,,,,,,,,,,,,,,,,,,,,,,,,,,,,,,,,,,,,,,,,,,,,,,,,,,,,"146569971","0","7","CDC","CDCgov",,,,,,"1486049721630167041","en","3",,,,,,,,,,,,,,,,,,,"0","0","0","active","@CDCgov And people that have been vaccinated and/or infected with Omicron have also natural immunity; therefore, natural immunity should be equivalent for vaccination.",
"false","true","Odė gyvenimui. 🫠 
Tai memą įmetu, tai kažkokias naujienas įvykius amžiais komentuoju.

Long $ASTS","https://pbs.twimg.com/profile_images/1858149784369954816/mzdrLWIm_normal.jpg","Robokopas","973411708457947138","robokopas","292","0","1486021122089005058","Tue Jan 25 17:05:02 +0000 2022","https://t.co/JzC0QiNjZg",,,,,,,,,,,,,,,,,,,,,,,,,,,,,,,,,,,,,,,,,,,,,,,,,,,,,,,,,,,,,,,,,,,,,,,,,,,,,,,,,,,,,,,,,,,,,,,,,,"reuters.com/business/healt…","https://www.reuters.com/business/healthcare-pharmaceuticals/novavax-says-covid-vaccine-boosts-response-omicron-variant-2021-12-22/","8","31","https://t.co/JzC0QiNjZg","146569971","0","7","CDC","CDCgov",,,,,,"1486022310993793026","qme","4",,,,,,,,,,,,,,,,,,,"0","0","0","active","@CDCgov https://t.co/JzC0QiNjZg",
"false","false","Believe in Real Science and Combat Idiots using the guiding words of Stephen Hawking: INTELLIGENCE IS THE ABILITY TO ADAPT TO CHANGE","https://pbs.twimg.com/profile_images/1440431875978252289/DunHClma_normal.jpg","SAGREDO","830378024512151552","sgril25","155","0","1486021122089005058","Tue Jan 25 23:11:11 +0000 2022","I though that this insanity is over. I was wrong. People from CDC forgot that we do not have anymore alpha, beta or even delta strains. It is general knowledge that shitty Pfizer vaccine does not effective against omicron. Stop your salesperson promotions. Start to do your job.",,,,,,,,,,,,,,,,,,,,,,,,,,,,,,,,,,,,,,,,,,,,,,,,,,,,,,,,,,,,,,,,,,,,,,,,,,,,,,,,,,,,,,,,,,,,,,,,,,,,,,,"146569971","0","7","CDC","CDCgov",,,,,,"1486114454383202305","en","4",,,,,,,,,,,,,,,,,,,"0","0","0","active","@CDCgov I though that this insanity is over. I was wrong. People from CDC forgot that we do not have anymore alpha, beta or even delta strains. It is general knowledge that shitty Pfizer vaccine does not effective against omicron. Stop your salesperson promotions. Start to do your job.",
"false","false","| Engineer | Advancing AI | Blockchain |Encryption is not a crime | Freedom is all we have | Unapologetic metal head |","https://pbs.twimg.com/profile_images/2008109956919099392/xus2htif_normal.jpg","Cardkillah","21713975","Cardkillah","1780","0","1486021122089005058","Thu Feb 10 03:12:18 +0000 2022","Unless you were one of the thousands of people to take the vaccine and have side effects, or get the vaccine and still get very ill from COVID. Polio vaccine is advertised as between 99-100% effective in preventing Polio. Is that why you changed the definition?",,,,,,,,,,,,,,,,,,,,,,,,,,,,,,,,,,,,,,,,,,,,,,,,,,,,,,,,,,,,,,,,,,,,,,,,,,,,,,,,,,,,,,,,,,,,,,,,,,,,,,,"146569971","0","7","CDC","CDCgov",,,,,,"1491610952650960901","en","3",,,,,,,,,,,,,,,,,,,"0","1","0","active","@CDCgov Unless you were one of the thousands of people to take the vaccine and have side effects, or get the vaccine and still get very ill from COVID. Polio vaccine is advertised as between 99-100% effective in preventing Polio. Is that why you changed the definition?",
"false","false","Scottish/Irish-Chinese, English, German; Swedish, Norwegian, Fin. I'm a mutt. Product of men greater than I will ever be. Soldiers and hunters. Warriors.","https://pbs.twimg.com/profile_images/1874106153413599232/qp7YjMqu_normal.jpg","James R. Lee Jr.","1434141753511194626","YellowTiger47","45","0","1486021122089005058","Thu Feb 10 05:31:27 +0000 2022","This is Medical MISINFORMATION.",,,,,,,,,,,,,,,,,,,,,,,,,,,,,,,,,,,,,,,,,,,,,,,,,,,,,,,,,,,,,,,,,,,,,,,,,,,,,,,,,,,,,,,,,,,,,,,,,,,,,,,"146569971","0","7","CDC","CDCgov",,,,,,"1491645970756648961","en","3",,,,,,,,,,,,,,,,,,,"0","0","0","active","@CDCgov This is Medical MISINFORMATION.",
"false","false","X","https://abs.twimg.com/sticky/default_profile_images/default_profile_normal.png","Jane","1483574833409572867","Jane73069899","4","0","1486021122089005058","Tue Jan 25 19:05:15 +0000 2022","Yet we don’t get to see all of the testing data, and the documents related to the FDA approvals, until the year 2076. 🤔",,,,,,,,,,,,,,,,,,,,,,,,,,,,,,,,,,,,,,,,,,,,,,,,,,,,,,,,,,,,,,,,,,,,,,,,,,,,,,,,,,,,,,,,,,,,,,,,,,,,,,,"146569971","0","7","CDC","CDCgov",,,,,,"1486052563753570311","en","2",,,,,,,,,,,,,,,,,,,"0","0","0","active","@CDCgov Yet we don’t get to see all of the testing data, and the documents related to the FDA approvals, until the year 2076. 🤔",
"false","false","Not META data.","https://pbs.twimg.com/profile_images/1482829413813264390/uv8SI--i_normal.jpg","Steven Evans","1454079214928470017","SteieeeEieeee","12","0","1486021122089005058","Thu Jan 27 12:57:20 +0000 2022","Funny that the tweet refers to “data”, however no “data”is shown in the screenshot.",,,,,,,,,,,,,,,,,,,,,,,,,,,,,,,,,,,,,,,,,,,,,,,,,,,,,,,,,,,,,,,,,,,,,,,,,,,,,,,,,,,,,,,,,,,,,,,,,,,,,,,"146569971","0","7","CDC","CDCgov",,,,,,"1486684751868088321","en","2",,,,,,,,,,,,,,,,,,,"0","0","0","active","@CDCgov Funny that the tweet refers to “data”, however no “data”is shown in the screenshot.",
"false","false","Hate it or love it The Underdogg’s on top.","https://pbs.twimg.com/profile_images/1465476693355732995/CMlZTio1_normal.jpg","The UnderDogg","1465476494977757185","TheUnderDogg13","4","0","1486021122089005058","Tue Jan 25 17:13:27 +0000 2022","",,,,,,,,"pic.x.com/jnMR0ClJWL","https://x.com/TheUnderDogg13/status/1486024430929121280/photo/1","Right Dr Evil GIF","Available",,,,,,,,,,,,,,,,,,,,,,,,,,,,,,,,,"1486024425702977541","8","31","16_1486024425702977541","16_1486024425702977541","https://pbs.twimg.com/tweet_video_thumb/FJ9rV4WUcAUy90p.jpg",,,,,,,,,,,,,,,,,,,,,"144","220","144","fit","220","144","fit","220","144","fit","220","144","crop","144","animated_gif","https://t.co/jnMR0ClJWL","55","36",,"0","video/mp4","https://video.twimg.com/tweet_video/FJ9rV4WUcAUy90p.mp4",,,,,,,,,,,,"146569971","0","7","CDC","CDCgov",,,,,,"1486024430929121280","qme","0",,,"55","36",,"1486024425702977541","https://pbs.twimg.com/tweet_video_thumb/FJ9rV4WUcAUy90p.jpg","144","220","0","video/mp4","https://video.twimg.com/tweet_video/FJ9rV4WUcAUy90p.mp4",,,,,,,"0","0","0","active","@CDCgov https://t.co/jnMR0ClJWL",
"false","false","","https://pbs.twimg.com/profile_images/1471121856694472707/1_uMEO-P_normal.jpg","Markdoody72","1430117806968877083","Markdoody721","2","0","1486021122089005058","Wed Jan 26 16:51:07 +0000 2022","So why are you asking fully vaccinated, plus booster to test before coming in your country. There is no logic when Omicron is rife in the world and less servere",,,,,,,,,,,,,,,,,,,,,,,,,,,,,,,,,,,,,,,,,,,,,,,,,,,,,,,,,,,,,,,,,,,,,,,,,,,,,,,,,,,,,,,,,,,,,,,,,,,,,,,"146569971","0","7","CDC","CDCgov",,,,,,"1486381195785027588","en","2",,,,,,,,,,,,,,,,,,,"0","0","0","active","@CDCgov So why are you asking fully vaccinated, plus booster to test before coming in your country. There is no logic when Omicron is rife in the world and less servere",
"false","false","","https://pbs.twimg.com/profile_images/1490711331002937344/L4TQkiiI_normal.jpg","Rick P","1490711189759750150","RickP98882133","0","0","1486021122089005058","Thu Feb 10 16:59:08 +0000 2022","Are over a million covid vax injuries in the USA and over 3 million covid vax injuries in Europe still in the ""safe"" level? Thats over 4 million people who would very much disagree with the CDC that the covid vaxs are safe!",,,,,,,,,,,,,,,,,,,,,,,,,,,,,,,,,,,,,,,,,,,,,,,,,,,,,,,,,,,,,,,,,,,,,,,,,,,,,,,,,,,,,,,,,,,,,,,,,,,,,,,"146569971","0","7","CDC","CDCgov",,,,,,"1491819030306430976","en","2",,,,,,,,,,,,,,,,,,,"0","0","0","active","@CDCgov Are over a million covid vax injuries in the USA and over 3 million covid vax injuries in Europe still in the ""safe"" level? Thats over 4 million people who would very much disagree with the CDC that the covid vaxs are safe!",
"false","false","","https://abs.twimg.com/sticky/default_profile_images/default_profile_normal.png","Burt West","1444326073508917251","uncleburt8","1","0","1486021122089005058","Thu Feb 10 14:20:38 +0000 2022","Did you include “may cause death” in your definition?  Why not?  It’s a fact.  https://t.co/MdO7Ccvbss",,,,,,,,,,,,,,,,,,,,,,,,,,,,,,,,,,,,,,,,,,,,,,,,,,,,,,,,,,,,,,,,,,,,,,,,,,,,,,,,,,,,,,,,,,,,,,,,,,"l.facebook.com/l.php?u=https%…","https://l.facebook.com/l.php?u=https%3A%2F%2Fwww.truthforhealth.org%2F2022%2F01%2Fbhakdi-burkhardt-pathology-results-show-93-of-people-who-died-after-being-vaccinated-were-killed-by-the-vaccine%2F&h=AT1R5LiparthXk8SDtvT4Hhn7gQWCIoA3iWXENPACz0SM9hqctS07mCZ6nptfNpp3Al1FxMaRvNaKBG73K8O10DK3s03RtYcLyZNSgYdUaaN28WcLrDHSjtpvthkAenmJmX3KmNVM_rK&s=1","87","110","https://t.co/MdO7Ccvbss","146569971","0","7","CDC","CDCgov",,,,,,"1491779142265622529","en","2",,,,,,,,,,,,,,,,,,,"0","0","0","active","@CDCgov Did you include “may cause death” in your definition?  Why not?  It’s a fact.  https://t.co/MdO7Ccvbss",
"false","false","Iowan, farm kid, Hawkeye, husband, father, libertarian, and Oxford comma enthusiast.  Fight, Fight, Fight!  Bear Down!  Go Cubs Go!  Vote Gold!  ¡Afuera!","https://pbs.twimg.com/profile_images/1509192757453234187/OPadTL8H_normal.jpg","Iowannarock","275593688","Iowannarock","397","0","1486021122089005058","Thu Feb 10 03:09:16 +0000 2022","",,,,,,,,"pic.x.com/xbWEdcxtZL","https://x.com/Iowannarock/status/1491610189488922624/photo/1","You Sit On A Throne Of Lies - Elf GIF","Available",,,,,,,,,,,,,,,,,,,,,,,,,,,,,,,,,"1491610183465906179","8","31","16_1491610183465906179","16_1491610183465906179","https://pbs.twimg.com/tweet_video_thumb/FLNDjxjXMAMrX0i.jpg",,,,,,,,,,,,,,,,,,,,,"280","498","280","fit","498","280","fit","498","280","fit","498","150","crop","150","animated_gif","https://t.co/xbWEdcxtZL","249","140",,"0","video/mp4","https://video.twimg.com/tweet_video/FLNDjxjXMAMrX0i.mp4",,,,,,,,,,,,"146569971","0","7","CDC","CDCgov",,,,,,"1491610189488922624","qme","1",,,"249","140",,"1491610183465906179","https://pbs.twimg.com/tweet_video_thumb/FLNDjxjXMAMrX0i.jpg","280","498","0","video/mp4","https://video.twimg.com/tweet_video/FLNDjxjXMAMrX0i.mp4",,,,,,,"0","0","0","active","@CDCgov https://t.co/xbWEdcxtZL",
"false","false","🥋","https://pbs.twimg.com/profile_images/1995687457208102912/nUB9JO7v_normal.jpg","Jacob 🇺🇸🇱🇧","1379826920800579586","thejacob001","105","0","1486021122089005058","Thu Feb 10 12:30:53 +0000 2022","Hypocrites at CDC",,,,,,,,"pic.x.com/28Lp8otztS","https://x.com/hawkman_g/status/1491751526532063236/photo/1","how to get away with murder dont lie GIF by ABC Network","Available",,,,,,,,,,,,,,,,,,,,,,,,,,,,,,,,,"1491751502251237380","26","49","16_1491751502251237380","16_1491751502251237380","https://pbs.twimg.com/tweet_video_thumb/FLPEFnDXIAQd-tN.jpg",,,,,,,,,,,,,,,,,,,,,"270","480","270","fit","480","270","fit","480","270","fit","480","150","crop","150","animated_gif","https://t.co/28Lp8otztS","16","9",,"0","video/mp4","https://video.twimg.com/tweet_video/FLPEFnDXIAQd-tN.mp4",,,,,,,,,,,,"146569971","0","7","CDC","CDCgov",,,,,,"1491751526532063236","en","1",,,"16","9",,"1491751502251237380","https://pbs.twimg.com/tweet_video_thumb/FLPEFnDXIAQd-tN.jpg","270","480","0","video/mp4","https://video.twimg.com/tweet_video/FLPEFnDXIAQd-tN.mp4",,,,,,,"0","0","0","active","@CDCgov Hypocrites at CDC https://t.co/28Lp8otztS",
"false","false","","https://pbs.twimg.com/profile_images/1489063422415323136/xLMQgfME_normal.jpg","F M","1489062898420834304","FM97590152","6","0","1486021122089005058","Thu Feb 10 03:20:46 +0000 2022","this just in the CDC had to be more detailed in their definitions aka ""dumb it down"" because they found out there are a lot of ignorant people in the country lol.",,,,,,,,,,,,,,,,,,,,,,,,,,,,,,,,,,,,,,,,,,,,,,,,,,,,,,,,,,,,,,,,,,,,,,,,,,,,,,,,,,,,,,,,,,,,,,,,,,,,,,,"146569971","0","7","CDC","CDCgov",,,,,,"1491613084187824135","en","0",,,,,,,,,,,,,,,,,,,"0","0","0","active","@CDCgov this just in the CDC had to be more detailed in their definitions aka ""dumb it down"" because they found out there are a lot of ignorant people in the country lol.",
"false","false","Likes: most Sports..Enjoy Life..Adventurous & Family😘","https://abs.twimg.com/sticky/default_profile_images/default_profile_normal.png","kate","2353515938","cityattic","55","0","1486021122089005058","Thu Feb 10 13:36:57 +0000 2022","NO",,,,,,,,,,,,,,,,,,,,,,,,,,,,,,,,,,,,,,,,,,,,,,,,,,,,,,,,,,,,,,,,,,,,,,,,,,,,,,,,,,,,,,,,,,,,,,,,,,,,,,,"146569971","0","7","CDC","CDCgov",,,,,,"1491768149905182724","und","1",,,,,,,,,,,,,,,,,,,"0","0","0","active","@CDCgov NO",
"false","false","Living in a world that seems to find itself absent even the mere remembrance of what used to known as rational. Man is curious. Such a curious thing indeed.","https://pbs.twimg.com/profile_images/1380757546928111616/iN07VLLb_normal.jpg","AncientOdyssey","1380750573222379525","OdysseyAncient","14","0","1486021122089005058","Thu Feb 10 19:57:48 +0000 2022","How can we POSSIBLY say the vaccines safe when there in no shape form or fashion any long term data to back that up ALSO during the Pfizer trials they unblinded the study mid way gave the vaccine to the placebo group and stated adverse reactions were similar in both well no shit!",,,,,,,,,,,,,,,,,,,,,,,,,,,,,,,,,,,,,,,,,,,,,,,,,,,,,,,,,,,,,,,,,,,,,,,,,,,,,,,,,,,,,,,,,,,,,,,,,,,,,,,"146569971","0","7","CDC","CDCgov",,,,,,"1491863993366974464","en","1",,,,,,,,,,,,,,,,,,,"0","0","0","active","@CDCgov How can we POSSIBLY say the vaccines safe when there in no shape form or fashion any long term data to back that up ALSO during the Pfizer trials they unblinded the study mid way gave the vaccine to the placebo group and stated adverse reactions were similar in both well no shit!",
"false","true","Either put on these glasses or start eating that trashcan!","https://pbs.twimg.com/profile_images/1484655783451242498/fJzMEmoQ_normal.jpg","🇨🇦 Mr. Nada 🇮🇪","1039508296087089152","therealNeoNada","25","0","1486021122089005058","Thu Feb 10 03:32:56 +0000 2022","https://t.co/dZbQx49SVB",,,,,,,,,,,,,,,,,,,,,,,,,,,,,,,,,,,,,,,,,,,,,,,,,,,,,,,,,,,,,,,,,,,,,,,,,,,,,,,,,,,,,,,,,,,,,,,,,,"x.com/therealneonada…","https://x.com/therealneonada/status/1490854393364713472","8","31","https://t.co/dZbQx49SVB","146569971","0","7","CDC","CDCgov",,,,,,"1491616142892351490","qme","1",,,,,,,,,,,,,,,,,,,"0","0","0","active","@CDCgov https://t.co/dZbQx49SVB",
"false","false","","https://pbs.twimg.com/profile_images/1105184456133017600/ka-hN_V4_normal.jpg","Bruce yeager","1105184353980686338","Bruceyeager9","5","0","1486021122089005058","Fri Feb 11 02:28:17 +0000 2022","NO",,,,,,,,,,,,,,,,,,,,,,,,,,,,,,,,,,,,,,,,,,,,,,,,,,,,,,,,,,,,,,,,,,,,,,,,,,,,,,,,,,,,,,,,,,,,,,,,,,,,,,,"146569971","0","7","CDC","CDCgov",,,,,,"1491962264710230017","und","1",,,,,,,,,,,,,,,,,,,"0","0","0","active","@CDCgov NO",
"false","false","","https://pbs.twimg.com/profile_images/1474345284876607489/JpTBpTF5_normal.jpg","Mark S","1474344865773367298","MarkAStan","1","0","1486021122089005058","Wed Jan 26 13:32:48 +0000 2022","!!!JUST STOP!!!",,,,,,,,,,,,,,,,,,,,,,,,,,,,,,,,,,,,,,,,,,,,,,,,,,,,,,,,,,,,,,,,,,,,,,,,,,,,,,,,,,,,,,,,,,,,,,,,,,,,,,,"146569971","0","7","CDC","CDCgov",,,,,,"1486331286796914688","en","1",,,,,,,,,,,,,,,,,,,"0","0","0","active","@CDCgov !!!JUST STOP!!!",
"false","false","","https://pbs.twimg.com/profile_images/822353797322113025/1VUXpx3d_normal.jpg","sir.V ant","3408298272","serVant277","39","0","1486021122089005058","Wed Jan 26 05:14:15 +0000 2022","#DefundTheCDC","8","21","DefundTheCDC",,,,,,,,,,,,,,,,,,,,,,,,,,,,,,,,,,,,,,,,,,,,,,,,,,,,,,,,,,,,,,,,,,,,,,,,,,,,,,,,,,,,,,,,,,,,,,,,,,,,"146569971","0","7","CDC","CDCgov",,,,,,"1486205822136987658","qme","1",,,,,,,,,,,,,,,,,,,"0","0","0","active","@CDCgov #DefundTheCDC",
"false","false","","https://abs.twimg.com/sticky/default_profile_images/default_profile_normal.png","HoMoX","1480990012359462914","HoMoX7","4","0","1486021122089005058","Sat Feb 12 00:57:23 +0000 2022","So, from now on a vaccine is just anything you inject into a body. You, Sirs, reek of absolute rancid turds.",,,,,,,,,,,,,,,,,,,,,,,,,,,,,,,,,,,,,,,,,,,,,,,,,,,,,,,,,,,,,,,,,,,,,,,,,,,,,,,,,,,,,,,,,,,,,,,,,,,,,,,"146569971","0","7","CDC","CDCgov",,,,,,"1492301777013772288","en","0",,,,,,,,,,,,,,,,,,,"0","0","0","active","@CDCgov So, from now on a vaccine is just anything you inject into a body. You, Sirs, reek of absolute rancid turds.",
"false","false","","https://pbs.twimg.com/profile_images/1481668957916438533/fNOhBrX3_normal.png","yesno yes","1481668673676795909","yesnoye27736005","2","0","1486021122089005058","Tue Jan 25 23:48:50 +0000 2022","The vaccine is not the cure to Covid, and mandates won’t work.

KELLY ERNBY, BEFORE HER UNVACCINATED DEATH FROM COVID",,,,,,,,,,,,,,,,,,,,,,,,,,,,,,,,,,,,,,,,,,,,,,,,,,,,,,,,,,,,,,,,,,,,,,,,,,,,,,,,,,,,,,,,,,,,,,,,,,,,,,,"146569971","0","7","CDC","CDCgov",,,,,,"1486123930033164288","en","0",,,,,,,,,,,,,,,,,,,"0","0","0","active","@CDCgov The vaccine is not the cure to Covid, and mandates won’t work.

KELLY ERNBY, BEFORE HER UNVACCINATED DEATH FROM COVID",
